Date,Time,Water Level 
10/13/2013,15:30,-0.097
10/13/2013,16:00,-0.104
10/13/2013,16:30,-0.109
10/13/2013,17:00,-0.112
10/13/2013,17:30,-0.117
10/13/2013,18:00,-0.121
10/13/2013,18:30,-0.123
10/13/2013,19:00,-0.127
10/13/2013,19:30,-0.128
10/13/2013,20:00,-0.136
10/13/2013,20:30,-0.137
10/13/2013,21:00,-0.132
10/13/2013,21:30,-0.113
10/13/2013,22:00,-0.003
10/13/2013,22:30,0.049
10/13/2013,23:00,0.03
10/13/2013,23:30,-0.023
10/14/2013,00:00,-0.054
10/14/2013,00:30,-0.069
10/14/2013,01:00,-0.076
10/14/2013,01:30,-0.084
10/14/2013,02:00,-0.094
10/14/2013,02:30,-0.104
10/14/2013,03:00,-0.117
10/14/2013,03:30,-0.127
10/14/2013,04:00,-0.134
10/14/2013,04:30,-0.141
10/14/2013,05:00,-0.148
10/14/2013,05:30,-0.147
10/14/2013,06:00,-0.151
10/14/2013,06:30,-0.155
10/14/2013,07:00,-0.151
10/14/2013,07:30,-0.155
10/14/2013,08:00,-0.154
10/14/2013,08:30,-0.15
10/14/2013,09:00,-0.145
10/14/2013,09:30,0.113
10/14/2013,10:00,0.254
10/14/2013,10:30,0.407
10/14/2013,11:00,0.547
10/14/2013,11:30,0.58
10/14/2013,12:00,0.499
10/14/2013,12:30,0.371
10/14/2013,13:00,0.246
10/14/2013,13:30,0.127
10/14/2013,14:00,-0.021
10/14/2013,14:30,-0.041
10/14/2013,15:00,-0.055
10/14/2013,15:30,-0.067
10/14/2013,16:00,-0.076
10/14/2013,16:30,-0.083
10/14/2013,17:00,-0.089
10/14/2013,17:30,-0.094
10/14/2013,18:00,-0.1
10/14/2013,18:30,-0.105
10/14/2013,19:00,-0.109
10/14/2013,19:30,-0.111
10/14/2013,20:00,-0.118
10/14/2013,20:30,-0.124
10/14/2013,21:00,-0.128
10/14/2013,21:30,-0.129
10/14/2013,22:00,0.006
10/14/2013,22:30,0.129
10/14/2013,23:00,0.246
10/14/2013,23:30,0.326
10/15/2013,00:00,0.3
10/15/2013,00:30,0.209
10/15/2013,01:00,0.117
10/15/2013,01:30,-0.017
10/15/2013,02:00,-0.048
10/15/2013,02:30,-0.065
10/15/2013,03:00,-0.074
10/15/2013,03:30,-0.084
10/15/2013,04:00,-0.091
10/15/2013,04:30,-0.098
10/15/2013,05:00,-0.104
10/15/2013,05:30,-0.105
10/15/2013,06:00,-0.11
10/15/2013,06:30,-0.114
10/15/2013,07:00,-0.117
10/15/2013,07:30,-0.12
10/15/2013,08:00,-0.124
10/15/2013,08:30,-0.126
10/15/2013,09:00,-0.133
10/15/2013,09:30,-0.133
10/15/2013,10:00,0.089
10/15/2013,10:30,0.261
10/15/2013,11:00,0.466
10/15/2013,11:30,0.639
10/15/2013,12:00,0.697
10/15/2013,12:30,0.617
10/15/2013,13:00,0.479
10/15/2013,13:30,0.337
10/15/2013,14:00,0.198
10/15/2013,14:30,0.067
10/15/2013,15:00,-0.041
10/15/2013,15:30,-0.059
10/15/2013,16:00,-0.069
10/15/2013,16:30,-0.08
10/15/2013,17:00,-0.088
10/15/2013,17:30,-0.094
10/15/2013,18:00,-0.095
10/15/2013,18:30,-0.099
10/15/2013,19:00,-0.101
10/15/2013,19:30,-0.105
10/15/2013,20:00,-0.107
10/15/2013,20:30,-0.11
10/15/2013,21:00,-0.112
10/15/2013,21:30,-0.114
10/15/2013,22:00,-0.113
10/15/2013,22:30,0.059
10/15/2013,23:00,0.225
10/15/2013,23:30,0.403
10/16/2013,00:00,0.553
10/16/2013,00:30,0.588
10/16/2013,01:00,0.514
10/16/2013,01:30,0.398
10/16/2013,02:00,0.27
10/16/2013,02:30,0.145
10/16/2013,03:00,-0.014
10/16/2013,03:30,-0.025
10/16/2013,04:00,-0.04
10/16/2013,04:30,-0.045
10/16/2013,05:00,-0.051
10/16/2013,05:30,-0.055
10/16/2013,06:00,-0.06
10/16/2013,06:30,-0.062
10/16/2013,07:00,-0.064
10/16/2013,07:30,-0.065
10/16/2013,08:00,-0.065
10/16/2013,08:30,-0.068
10/16/2013,09:00,-0.07
10/16/2013,09:30,-0.077
10/16/2013,10:00,-0.081
10/16/2013,10:30,0.037
10/16/2013,11:00,0.23
10/16/2013,11:30,0.424
10/16/2013,12:00,0.615
10/16/2013,12:30,0.717
10/16/2013,13:00,0.665
10/16/2013,13:30,0.524
10/16/2013,14:00,0.375
10/16/2013,14:30,0.234
10/16/2013,15:00,0.101
10/16/2013,15:30,-0.004
10/16/2013,16:00,-0.023
10/16/2013,16:30,-0.035
10/16/2013,17:00,-0.047
10/16/2013,17:30,-0.052
10/16/2013,18:00,-0.057
10/16/2013,18:30,-0.065
10/16/2013,19:00,-0.066
10/16/2013,19:30,-0.071
10/16/2013,20:00,-0.075
10/16/2013,20:30,-0.078
10/16/2013,21:00,-0.083
10/16/2013,21:30,-0.084
10/16/2013,22:00,-0.088
10/16/2013,22:30,-0.09
10/16/2013,23:00,0.031
10/16/2013,23:30,0.239
10/17/2013,00:00,0.456
10/17/2013,00:30,0.665
10/17/2013,01:00,0.765
10/17/2013,01:30,0.719
10/17/2013,02:00,0.586
10/17/2013,02:30,0.443
10/17/2013,03:00,0.3
10/17/2013,03:30,0.163
10/17/2013,04:00,-0.002
10/17/2013,04:30,-0.015
10/17/2013,05:00,-0.026
10/17/2013,05:30,-0.035
10/17/2013,06:00,-0.039
10/17/2013,06:30,-0.045
10/17/2013,07:00,-0.05
10/17/2013,07:30,-0.055
10/17/2013,08:00,-0.057
10/17/2013,08:30,-0.062
10/17/2013,09:00,-0.066
10/17/2013,09:30,-0.07
10/17/2013,10:00,-0.078
10/17/2013,10:30,-0.083
10/17/2013,11:00,-0.08
10/17/2013,11:30,0.172
10/17/2013,12:00,0.354
10/17/2013,12:30,0.543
10/17/2013,13:00,0.645
10/17/2013,13:30,0.589
10/17/2013,14:00,0.45
10/17/2013,14:30,0.311
10/17/2013,15:00,0.177
10/17/2013,15:30,0.036
10/17/2013,16:00,-0.033
10/17/2013,16:30,-0.051
10/17/2013,17:00,-0.061
10/17/2013,17:30,-0.071
10/17/2013,18:00,-0.072
10/17/2013,18:30,-0.078
10/17/2013,19:00,-0.084
10/17/2013,19:30,-0.09
10/17/2013,20:00,-0.095
10/17/2013,20:30,-0.1
10/17/2013,21:00,-0.105
10/17/2013,21:30,-0.108
10/17/2013,22:00,-0.113
10/17/2013,22:30,-0.117
10/17/2013,23:00,-0.123
10/17/2013,23:30,0.022
10/18/2013,00:00,0.245
10/18/2013,00:30,0.503
10/18/2013,01:00,0.75
10/18/2013,01:30,0.881
10/18/2013,02:00,0.844
10/18/2013,02:30,0.697
10/18/2013,03:00,0.537
10/18/2013,03:30,0.384
10/18/2013,04:00,0.237
10/18/2013,04:30,0.106
10/18/2013,05:00,-0.013
10/18/2013,05:30,-0.035
10/18/2013,06:00,-0.047
10/18/2013,06:30,-0.051
10/18/2013,07:00,-0.056
10/18/2013,07:30,-0.058
10/18/2013,08:00,-0.061
10/18/2013,08:30,-0.062
10/18/2013,09:00,-0.071
10/18/2013,09:30,-0.074
10/18/2013,10:00,-0.078
10/18/2013,10:30,-0.084
10/18/2013,11:00,-0.09
10/18/2013,11:30,-0.083
10/18/2013,12:00,0.149
10/18/2013,12:30,0.317
10/18/2013,13:00,0.49
10/18/2013,13:30,0.601
10/18/2013,14:00,0.555
10/18/2013,14:30,0.416
10/18/2013,15:00,0.276
10/18/2013,15:30,0.145
10/18/2013,16:00,-0.009
10/18/2013,16:30,-0.039
10/18/2013,17:00,-0.056
10/18/2013,17:30,-0.062
10/18/2013,18:00,-0.069
10/18/2013,18:30,-0.075
10/18/2013,19:00,-0.072
10/18/2013,19:30,-0.077
10/18/2013,20:00,-0.08
10/18/2013,20:30,-0.086
10/18/2013,21:00,-0.09
10/18/2013,21:30,-0.092
10/18/2013,22:00,-0.098
10/18/2013,22:30,-0.103
10/18/2013,23:00,-0.108
10/18/2013,23:30,-0.111
10/19/2013,00:00,-0.093
10/19/2013,00:30,0.22
10/19/2013,01:00,0.48
10/19/2013,01:30,0.745
10/19/2013,02:00,0.899
10/19/2013,02:30,0.888
10/19/2013,03:00,0.749
10/19/2013,03:30,0.586
10/19/2013,04:00,0.435
10/19/2013,04:30,0.283
10/19/2013,05:00,0.147
10/19/2013,05:30,-0.015
10/19/2013,06:00,-0.028
10/19/2013,06:30,-0.039
10/19/2013,07:00,-0.045
10/19/2013,07:30,-0.049
10/19/2013,08:00,-0.053
10/19/2013,08:30,-0.055
10/19/2013,09:00,-0.059
10/19/2013,09:30,-0.061
10/19/2013,10:00,-0.068
10/19/2013,10:30,-0.074
10/19/2013,11:00,-0.078
10/19/2013,11:30,-0.085
10/19/2013,12:00,-0.088
10/19/2013,12:30,0.09
10/19/2013,13:00,0.224
10/19/2013,13:30,0.365
10/19/2013,14:00,0.442
10/19/2013,14:30,0.401
10/19/2013,15:00,0.284
10/19/2013,15:30,0.162
10/19/2013,16:00,0.022
10/19/2013,16:30,-0.034
10/19/2013,17:00,-0.052
10/19/2013,17:30,-0.059
10/19/2013,18:00,-0.066
10/19/2013,18:30,-0.071
10/19/2013,19:00,-0.076
10/19/2013,19:30,-0.078
10/19/2013,20:00,-0.084
10/19/2013,20:30,-0.087
10/19/2013,21:00,-0.091
10/19/2013,21:30,-0.097
10/19/2013,22:00,-0.1
10/19/2013,22:30,-0.105
10/19/2013,23:00,-0.111
10/19/2013,23:30,-0.117
10/20/2013,00:00,-0.122
10/20/2013,00:30,-0.116
10/20/2013,01:00,0.18
10/20/2013,01:30,0.415
10/20/2013,02:00,0.664
10/20/2013,02:30,0.814
10/20/2013,03:00,0.809
10/20/2013,03:30,0.68
10/20/2013,04:00,0.531
10/20/2013,04:30,0.387
10/20/2013,05:00,0.247
10/20/2013,05:30,0.114
10/20/2013,06:00,-0.028
10/20/2013,06:30,-0.044
10/20/2013,07:00,-0.051
10/20/2013,07:30,-0.056
10/20/2013,08:00,-0.061
10/20/2013,08:30,-0.065
10/20/2013,09:00,-0.065
10/20/2013,09:30,-0.073
10/20/2013,10:00,-0.079
10/20/2013,10:30,-0.089
10/20/2013,11:00,-0.094
10/20/2013,11:30,-0.102
10/20/2013,12:00,-0.108
10/20/2013,12:30,-0.113
10/20/2013,13:00,0.032
10/20/2013,13:30,0.151
10/20/2013,14:00,0.255
10/20/2013,14:30,0.32
10/20/2013,15:00,0.275
10/20/2013,15:30,0.169
10/20/2013,16:00,0.048
10/20/2013,16:30,-0.049
10/20/2013,17:00,-0.067
10/20/2013,17:30,-0.079
10/20/2013,18:00,-0.087
10/20/2013,18:30,-0.095
10/20/2013,19:00,-0.098
10/20/2013,19:30,-0.105
10/20/2013,20:00,-0.107
10/20/2013,20:30,-0.112
10/20/2013,21:00,-0.117
10/20/2013,21:30,-0.121
10/20/2013,22:00,-0.123
10/20/2013,22:30,-0.127
10/20/2013,23:00,-0.133
10/20/2013,23:30,-0.135
10/21/2013,00:00,-0.14
10/21/2013,00:30,-0.141
10/21/2013,01:00,-0.14
10/21/2013,01:30,0.109
10/21/2013,02:00,0.296
10/21/2013,02:30,0.513
10/21/2013,03:00,0.681
10/21/2013,03:30,0.709
10/21/2013,04:00,0.609
10/21/2013,04:30,0.467
10/21/2013,05:00,0.329
10/21/2013,05:30,0.192
10/21/2013,06:00,0.066
10/21/2013,06:30,-0.029
10/21/2013,07:00,-0.047
10/21/2013,07:30,-0.054
10/21/2013,08:00,-0.059
10/21/2013,08:30,-0.066
10/21/2013,09:00,-0.068
10/21/2013,09:30,-0.073
10/21/2013,10:00,-0.079
10/21/2013,10:30,-0.085
10/21/2013,11:00,-0.09
10/21/2013,11:30,-0.101
10/21/2013,12:00,-0.109
10/21/2013,12:30,-0.116
10/21/2013,13:00,-0.121
10/21/2013,13:30,-0.096
10/21/2013,14:00,0.043
10/21/2013,14:30,0.115
10/21/2013,15:00,0.145
10/21/2013,15:30,0.095
10/21/2013,16:00,-0.037
10/21/2013,16:30,-0.06
10/21/2013,17:00,-0.072
10/21/2013,17:30,-0.078
10/21/2013,18:00,-0.088
10/21/2013,18:30,-0.094
10/21/2013,19:00,-0.099
10/21/2013,19:30,-0.103
10/21/2013,20:00,-0.105
10/21/2013,20:30,-0.109
10/21/2013,21:00,-0.111
10/21/2013,21:30,-0.115
10/21/2013,22:00,-0.121
10/21/2013,22:30,-0.122
10/21/2013,23:00,-0.129
10/21/2013,23:30,-0.134
10/22/2013,00:00,-0.138
10/22/2013,00:30,-0.139
10/22/2013,01:00,-0.143
10/22/2013,01:30,-0.143
10/22/2013,02:00,0.033
10/22/2013,02:30,0.193
10/22/2013,03:00,0.345
10/22/2013,03:30,0.472
10/22/2013,04:00,0.514
10/22/2013,04:30,0.449
10/22/2013,05:00,0.333
10/22/2013,05:30,0.216
10/22/2013,06:00,0.108
10/22/2013,06:30,-0.021
10/22/2013,07:00,-0.04
10/22/2013,07:30,-0.048
10/22/2013,08:00,-0.055
10/22/2013,08:30,-0.062
10/22/2013,09:00,-0.07
10/22/2013,09:30,-0.074
10/22/2013,10:00,-0.081
10/22/2013,10:30,-0.085
10/22/2013,11:00,-0.093
10/22/2013,11:30,-0.101
10/22/2013,12:00,-0.11
10/22/2013,12:30,-0.122
10/22/2013,13:00,-0.128
10/22/2013,13:30,-0.136
10/22/2013,14:00,-0.136
10/22/2013,14:30,-0.103
10/22/2013,15:00,-0.021
10/22/2013,15:30,-0.047
10/22/2013,16:00,-0.081
10/22/2013,16:30,-0.105
10/22/2013,17:00,-0.119
10/22/2013,17:30,-0.131
10/22/2013,18:00,-0.137
10/22/2013,18:30,-0.145
10/22/2013,19:00,-0.153
10/22/2013,19:30,-0.158
10/22/2013,20:00,-0.16
10/22/2013,20:30,-0.162
10/22/2013,21:00,-0.166
10/22/2013,21:30,-0.168
10/22/2013,22:00,-0.169
10/22/2013,22:30,-0.172
10/22/2013,23:00,-0.178
10/22/2013,23:30,-0.182
10/23/2013,00:00,-0.185
10/23/2013,00:30,-0.188
10/23/2013,01:00,-0.194
10/23/2013,01:30,-0.197
10/23/2013,02:00,-0.195
10/23/2013,02:30,-0.182
10/23/2013,03:00,0.06
10/23/2013,03:30,0.178
10/23/2013,04:00,0.286
10/23/2013,04:30,0.339
10/23/2013,05:00,0.276
10/23/2013,05:30,0.185
10/23/2013,06:00,0.093
10/23/2013,06:30,-0.031
10/23/2013,07:00,-0.058
10/23/2013,07:30,-0.069
10/23/2013,08:00,-0.075
10/23/2013,08:30,-0.086
10/23/2013,09:00,-0.092
10/23/2013,09:30,-0.096
10/23/2013,10:00,-0.099
10/23/2013,10:30,-0.105
10/23/2013,11:00,-0.111
10/23/2013,11:30,-0.121
10/23/2013,12:00,-0.132
10/23/2013,12:30,-0.14
10/23/2013,13:00,-0.151
10/23/2013,13:30,-0.158
10/23/2013,14:00,-0.161
10/23/2013,14:30,-0.164
10/23/2013,15:00,-0.166
10/23/2013,15:30,-0.157
10/23/2013,16:00,-0.155
10/23/2013,16:30,-0.163
10/23/2013,17:00,-0.171
10/23/2013,17:30,-0.177
10/23/2013,18:00,-0.18
10/23/2013,18:30,-0.186
10/23/2013,19:00,-0.189
10/23/2013,19:30,-0.189
10/23/2013,20:00,-0.191
10/23/2013,20:30,-0.194
10/23/2013,21:00,-0.195
10/23/2013,21:30,-0.196
10/23/2013,22:00,-0.198
10/23/2013,22:30,-0.203
10/23/2013,23:00,-0.206
10/23/2013,23:30,-0.209
10/24/2013,00:00,-0.211
10/24/2013,00:30,-0.214
10/24/2013,01:00,-0.217
10/24/2013,01:30,-0.218
10/24/2013,02:00,-0.221
10/24/2013,02:30,-0.226
10/24/2013,03:00,-0.223
10/24/2013,03:30,-0.142
10/24/2013,04:00,0.059
10/24/2013,04:30,0.139
10/24/2013,05:00,0.187
10/24/2013,05:30,0.149
10/24/2013,06:00,0.08
10/24/2013,06:30,-0.018
10/24/2013,07:00,-0.044
10/24/2013,07:30,-0.062
10/24/2013,08:00,-0.067
10/24/2013,08:30,-0.071
10/24/2013,09:00,-0.074
10/24/2013,09:30,-0.08
10/24/2013,10:00,-0.088
10/24/2013,10:30,-0.096
10/24/2013,11:00,-0.105
10/24/2013,11:30,-0.114
10/24/2013,12:00,-0.126
10/24/2013,12:30,-0.138
10/24/2013,13:00,-0.15
10/24/2013,13:30,-0.156
10/24/2013,14:00,-0.162
10/24/2013,14:30,-0.165
10/24/2013,15:00,-0.167
10/24/2013,15:30,-0.165
10/24/2013,16:00,-0.169
10/24/2013,16:30,-0.171
10/24/2013,17:00,-0.173
10/24/2013,17:30,-0.173
10/24/2013,18:00,-0.175
10/24/2013,18:30,-0.177
10/24/2013,19:00,-0.177
10/24/2013,19:30,-0.178
10/24/2013,20:00,-0.18
10/24/2013,20:30,-0.182
10/24/2013,21:00,-0.186
10/24/2013,21:30,-0.185
10/24/2013,22:00,-0.186
10/24/2013,22:30,-0.188
10/24/2013,23:00,-0.192
10/24/2013,23:30,-0.194
10/25/2013,00:00,-0.198
10/25/2013,00:30,-0.204
10/25/2013,01:00,-0.206
10/25/2013,01:30,-0.208
10/25/2013,02:00,-0.211
10/25/2013,02:30,-0.214
10/25/2013,03:00,-0.213
10/25/2013,03:30,-0.213
10/25/2013,04:00,-0.208
10/25/2013,04:30,-0.192
10/25/2013,05:00,-0.15
10/25/2013,05:30,-0.109
10/25/2013,06:00,-0.07
10/25/2013,06:30,-0.078
10/25/2013,07:00,-0.098
10/25/2013,07:30,-0.111
10/25/2013,08:00,-0.12
10/25/2013,08:30,-0.126
10/25/2013,09:00,-0.128
10/25/2013,09:30,-0.132
10/25/2013,10:00,-0.139
10/25/2013,10:30,-0.145
10/25/2013,11:00,-0.156
10/25/2013,11:30,-0.167
10/25/2013,12:00,-0.172
10/25/2013,12:30,-0.184
10/25/2013,13:00,-0.195
10/25/2013,13:30,-0.206
10/25/2013,14:00,-0.214
10/25/2013,14:30,-0.218
10/25/2013,15:00,-0.22
10/25/2013,15:30,-0.223
10/25/2013,16:00,-0.225
10/25/2013,16:30,-0.227
10/25/2013,17:00,-0.227
10/25/2013,17:30,-0.229
10/25/2013,18:00,-0.227
10/25/2013,18:30,-0.227
10/25/2013,19:00,-0.23
10/25/2013,19:30,-0.232
10/25/2013,20:00,-0.231
10/25/2013,20:30,-0.231
10/25/2013,21:00,-0.236
10/25/2013,21:30,-0.235
10/25/2013,22:00,-0.235
10/25/2013,22:30,-0.237
10/25/2013,23:00,-0.238
10/25/2013,23:30,-0.242
10/26/2013,00:00,-0.247
10/26/2013,00:30,-0.248
10/26/2013,01:00,-0.252
10/26/2013,01:30,-0.25
10/26/2013,02:00,-0.253
10/26/2013,02:30,-0.256
10/26/2013,03:00,-0.256
10/26/2013,03:30,-0.256
10/26/2013,04:00,-0.26
10/26/2013,04:30,-0.259
10/26/2013,05:00,-0.249
10/26/2013,05:30,-0.241
10/26/2013,06:00,-0.232
10/26/2013,06:30,-0.221
10/26/2013,07:00,-0.201
10/26/2013,07:30,-0.189
10/26/2013,08:00,-0.183
10/26/2013,08:30,-0.183
10/26/2013,09:00,-0.181
10/26/2013,09:30,-0.183
10/26/2013,10:00,-0.189
10/26/2013,10:30,-0.196
10/26/2013,11:00,-0.206
10/26/2013,11:30,-0.212
10/26/2013,12:00,-0.223
10/26/2013,12:30,-0.236
10/26/2013,13:00,-0.248
10/26/2013,13:30,-0.26
10/26/2013,14:00,-0.253
10/26/2013,14:30,-0.267
10/26/2013,15:00,-0.276
10/26/2013,15:30,-0.274
10/26/2013,16:00,-0.15
10/26/2013,16:30,-0.17
10/26/2013,17:00,-0.17
10/26/2013,17:30,-0.174
10/26/2013,18:00,-0.174
10/26/2013,18:30,-0.176
10/26/2013,19:00,-0.176
10/26/2013,19:30,-0.176
10/26/2013,20:00,-0.179
10/26/2013,20:30,-0.18
10/26/2013,21:00,-0.182
10/26/2013,21:30,-0.184
10/26/2013,22:00,-0.182
10/26/2013,22:30,-0.187
10/26/2013,23:00,-0.189
10/26/2013,23:30,-0.192
10/27/2013,00:00,-0.196
10/27/2013,00:30,-0.201
10/27/2013,01:00,-0.203
10/27/2013,01:30,-0.208
10/27/2013,02:00,-0.209
10/27/2013,02:30,-0.215
10/27/2013,03:00,-0.218
10/27/2013,03:30,-0.216
10/27/2013,04:00,-0.221
10/27/2013,04:30,-0.223
10/27/2013,05:00,-0.223
10/27/2013,05:30,-0.223
10/27/2013,06:00,-0.219
10/27/2013,06:30,-0.214
10/27/2013,07:00,-0.204
10/27/2013,07:30,-0.191
10/27/2013,08:00,-0.18
10/27/2013,08:30,-0.153
10/27/2013,09:00,-0.111
10/27/2013,09:30,-0.103
10/27/2013,10:00,-0.1
10/27/2013,10:30,-0.102
10/27/2013,11:00,-0.098
10/27/2013,11:30,-0.112
10/27/2013,12:00,-0.123
10/27/2013,12:30,-0.14
10/27/2013,13:00,-0.154
10/27/2013,13:30,-0.168
10/27/2013,14:00,-0.185
10/27/2013,14:30,-0.197
10/27/2013,15:00,-0.209
10/27/2013,15:30,-0.22
10/27/2013,16:00,-0.229
10/27/2013,16:30,-0.235
10/27/2013,17:00,-0.242
10/27/2013,17:30,-0.248
10/27/2013,18:00,-0.251
10/27/2013,18:30,-0.249
10/27/2013,19:00,-0.249
10/27/2013,19:30,-0.251
10/27/2013,20:00,-0.251
10/27/2013,20:30,-0.251
10/27/2013,21:00,-0.248
10/27/2013,21:30,-0.245
10/27/2013,22:00,-0.243
10/27/2013,22:30,-0.243
10/27/2013,23:00,-0.243
10/27/2013,23:30,-0.242
10/28/2013,00:00,-0.245
10/28/2013,00:30,-0.249
10/28/2013,01:00,-0.249
10/28/2013,01:30,-0.253
10/28/2013,02:00,-0.254
10/28/2013,02:30,-0.254
10/28/2013,03:00,-0.258
10/28/2013,03:30,-0.259
10/28/2013,04:00,-0.259
10/28/2013,04:30,-0.258
10/28/2013,05:00,-0.258
10/28/2013,05:30,-0.257
10/28/2013,06:00,-0.255
10/28/2013,06:30,-0.253
10/28/2013,07:00,-0.243
10/28/2013,07:30,-0.234
10/28/2013,08:00,-0.223
10/28/2013,08:30,-0.206
10/28/2013,09:00,-0.165
10/28/2013,09:30,-0.036
10/28/2013,10:00,0.129
10/28/2013,10:30,0.121
10/28/2013,11:00,0.037
10/28/2013,11:30,0.01
10/28/2013,12:00,-0.008
10/28/2013,12:30,-0.03
10/28/2013,13:00,-0.046
10/28/2013,13:30,-0.064
10/28/2013,14:00,-0.082
10/28/2013,14:30,-0.093
10/28/2013,15:00,-0.104
10/28/2013,15:30,-0.118
10/28/2013,16:00,-0.124
10/28/2013,16:30,-0.13
10/28/2013,17:00,-0.139
10/28/2013,17:30,-0.143
10/28/2013,18:00,-0.149
10/28/2013,18:30,-0.157
10/28/2013,19:00,-0.159
10/28/2013,19:30,-0.163
10/28/2013,20:00,-0.164
10/28/2013,20:30,-0.164
10/28/2013,21:00,-0.165
10/28/2013,21:30,-0.163
10/28/2013,22:00,-0.16
10/28/2013,22:30,-0.155
10/28/2013,23:00,-0.154
10/28/2013,23:30,-0.155
10/29/2013,00:00,-0.156
10/29/2013,00:30,-0.16
10/29/2013,01:00,-0.163
10/29/2013,01:30,-0.166
10/29/2013,02:00,-0.172
10/29/2013,02:30,-0.181
10/29/2013,03:00,-0.189
10/29/2013,03:30,-0.194
10/29/2013,04:00,-0.196
10/29/2013,04:30,-0.201
10/29/2013,05:00,-0.201
10/29/2013,05:30,-0.206
10/29/2013,06:00,-0.206
10/29/2013,06:30,-0.207
10/29/2013,07:00,-0.209
10/29/2013,07:30,-0.209
10/29/2013,08:00,-0.206
10/29/2013,08:30,-0.198
10/29/2013,09:00,-0.178
10/29/2013,09:30,0.109
10/29/2013,10:00,0.189
10/29/2013,10:30,0.24
10/29/2013,11:00,0.251
10/29/2013,11:30,0.229
10/29/2013,12:00,0.132
10/29/2013,12:30,0.066
10/29/2013,13:00,0.042
10/29/2013,13:30,0.027
10/29/2013,14:00,0.015
10/29/2013,14:30,0.008
10/29/2013,15:00,-0.002
10/29/2013,15:30,-0.009
10/29/2013,16:00,-0.016
10/29/2013,16:30,-0.026
10/29/2013,17:00,-0.035
10/29/2013,17:30,-0.037
10/29/2013,18:00,-0.041
10/29/2013,18:30,-0.046
10/29/2013,19:00,-0.052
10/29/2013,19:30,-0.055
10/29/2013,20:00,-0.057
10/29/2013,20:30,-0.061
10/29/2013,21:00,-0.062
10/29/2013,21:30,-0.06
10/29/2013,22:00,-0.052
10/29/2013,22:30,0.104
10/29/2013,23:00,0.157
10/29/2013,23:30,0.166
10/30/2013,00:00,0.086
10/30/2013,00:30,0.056
10/30/2013,01:00,0.037
10/30/2013,01:30,0.028
10/30/2013,02:00,0.017
10/30/2013,02:30,0.008
10/30/2013,03:00,-0.006
10/30/2013,03:30,-0.016
10/30/2013,04:00,-0.026
10/30/2013,04:30,-0.033
10/30/2013,05:00,-0.041
10/30/2013,05:30,-0.048
10/30/2013,06:00,-0.05
10/30/2013,06:30,-0.055
10/30/2013,07:00,-0.057
10/30/2013,07:30,-0.059
10/30/2013,08:00,-0.062
10/30/2013,08:30,-0.06
10/30/2013,09:00,-0.056
10/30/2013,09:30,-0.04
10/30/2013,10:00,0.19
10/30/2013,10:30,0.29
10/30/2013,11:00,0.372
10/30/2013,11:30,0.407
10/30/2013,12:00,0.364
10/30/2013,12:30,0.283
10/30/2013,13:00,0.174
10/30/2013,13:30,0.078
10/30/2013,14:00,0.059
10/30/2013,14:30,0.045
10/30/2013,15:00,0.038
10/30/2013,15:30,0.031
10/30/2013,16:00,0.022
10/30/2013,16:30,0.016
10/30/2013,17:00,0.011
10/30/2013,17:30,0.004
10/30/2013,18:00,-0.002
10/30/2013,18:30,-0.006
10/30/2013,19:00,-0.01
10/30/2013,19:30,-0.013
10/30/2013,20:00,-0.017
10/30/2013,20:30,-0.018
10/30/2013,21:00,-0.021
10/30/2013,21:30,-0.021
10/30/2013,22:00,-0.021
10/30/2013,22:30,0.133
10/30/2013,23:00,0.262
10/30/2013,23:30,0.368
10/31/2013,00:00,0.45
10/31/2013,00:30,0.455
10/31/2013,01:00,0.379
10/31/2013,01:30,0.278
10/31/2013,02:00,0.134
10/31/2013,02:30,0.096
10/31/2013,03:00,0.082
10/31/2013,03:30,0.07
10/31/2013,04:00,0.063
10/31/2013,04:30,0.055
10/31/2013,05:00,0.05
10/31/2013,05:30,0.048
10/31/2013,06:00,0.044
10/31/2013,06:30,0.041
10/31/2013,07:00,0.031
10/31/2013,07:30,0.027
10/31/2013,08:00,0.024
10/31/2013,08:30,0.017
10/31/2013,09:00,0.015
10/31/2013,09:30,0.013
10/31/2013,10:00,0.013
10/31/2013,10:30,0.194
10/31/2013,11:00,0.315
10/31/2013,11:30,0.425
10/31/2013,12:00,0.485
10/31/2013,12:30,0.438
10/31/2013,13:00,0.324
10/31/2013,13:30,0.203
10/31/2013,14:00,0.099
10/31/2013,14:30,0.079
10/31/2013,15:00,0.064
10/31/2013,15:30,0.056
10/31/2013,16:00,0.046
10/31/2013,16:30,0.039
10/31/2013,17:00,0.029
10/31/2013,17:30,0.026
10/31/2013,18:00,0.02
10/31/2013,18:30,0.016
10/31/2013,19:00,0.01
10/31/2013,19:30,0.006
10/31/2013,20:00,0.004
10/31/2013,20:30,-0.001
10/31/2013,21:00,-0.002
10/31/2013,21:30,-0.005
10/31/2013,22:00,-0.006
10/31/2013,22:30,-0.002
10/31/2013,23:00,0.237
10/31/2013,23:30,0.387
11/01/2013,00:00,0.544
11/01/2013,00:30,0.647
11/01/2013,01:00,0.639
11/01/2013,01:30,0.534
11/01/2013,02:00,0.407
11/01/2013,02:30,0.286
11/01/2013,03:00,0.13
11/01/2013,03:30,0.103
11/01/2013,04:00,0.085
11/01/2013,04:30,0.078
11/01/2013,05:00,0.071
11/01/2013,05:30,0.065
11/01/2013,06:00,0.06
11/01/2013,06:30,0.055
11/01/2013,07:00,0.053
11/01/2013,07:30,0.048
11/01/2013,08:00,0.045
11/01/2013,08:30,0.04
11/01/2013,09:00,0.033
11/01/2013,09:30,0.028
11/01/2013,10:00,0.022
11/01/2013,10:30,0.023
11/01/2013,11:00,0.226
11/01/2013,11:30,0.353
11/01/2013,12:00,0.471
11/01/2013,12:30,0.535
11/01/2013,13:00,0.475
11/01/2013,13:30,0.358
11/01/2013,14:00,0.24
11/01/2013,14:30,0.098
11/01/2013,15:00,0.08
11/01/2013,15:30,0.065
11/01/2013,16:00,0.055
11/01/2013,16:30,0.048
11/01/2013,17:00,0.041
11/01/2013,17:30,0.035
11/01/2013,18:00,0.029
11/01/2013,18:30,0.023
11/01/2013,19:00,0.016
11/01/2013,19:30,0.01
11/01/2013,20:00,0.006
11/01/2013,20:30,0.003
11/01/2013,21:00,-0.004
11/01/2013,21:30,-0.011
11/01/2013,22:00,-0.014
11/01/2013,22:30,-0.018
11/01/2013,23:00,-0.015
11/01/2013,23:30,0.295
11/02/2013,00:00,0.514
11/02/2013,00:30,0.737
11/02/2013,01:00,0.875
11/02/2013,01:30,0.867
11/02/2013,02:00,0.743
11/02/2013,02:30,0.594
11/02/2013,03:00,0.448
11/02/2013,03:30,0.3
11/02/2013,04:00,0.158
11/02/2013,04:30,0.075
11/02/2013,05:00,0.063
11/02/2013,05:30,0.053
11/02/2013,06:00,0.046
11/02/2013,06:30,0.043
11/02/2013,07:00,0.039
11/02/2013,07:30,0.036
11/02/2013,08:00,0.034
11/02/2013,08:30,0.03
11/02/2013,09:00,0.027
11/02/2013,09:30,0.023
11/02/2013,10:00,0.018
11/02/2013,10:30,0.01
11/02/2013,11:00,0.009
11/02/2013,11:30,0.205
11/02/2013,12:00,0.348
11/02/2013,12:30,0.484
11/02/2013,13:00,0.569
11/02/2013,13:30,0.513
11/02/2013,14:00,0.386
11/02/2013,14:30,0.258
11/02/2013,15:00,0.106
11/02/2013,15:30,0.044
11/02/2013,16:00,0.037
11/02/2013,16:30,0.027
11/02/2013,17:00,0.015
11/02/2013,17:30,0.011
11/02/2013,18:00,0.005
11/02/2013,18:30,0.003
11/02/2013,19:00,-0.002
11/02/2013,19:30,-0.006
11/02/2013,20:00,-0.007
11/02/2013,20:30,-0.013
11/02/2013,21:00,-0.024
11/02/2013,21:30,-0.03
11/02/2013,22:00,-0.032
11/02/2013,22:30,-0.044
11/02/2013,23:00,-0.041
11/02/2013,23:30,-0.047
11/03/2013,00:00,0.269
11/03/2013,00:30,0.534
11/03/2013,01:00,0.819
11/03/2013,01:30,1.027
11/03/2013,02:00,1.063
11/03/2013,02:30,0.92
11/03/2013,03:00,0.732
11/03/2013,03:30,0.557
11/03/2013,04:00,0.392
11/03/2013,04:30,0.242
11/03/2013,05:00,0.088
11/03/2013,05:30,0.036
11/03/2013,06:00,0.032
11/03/2013,06:30,0.024
11/03/2013,07:00,0.022
11/03/2013,07:30,0.019
11/03/2013,08:00,0.019
11/03/2013,08:30,0.015
11/03/2013,09:00,0.013
11/03/2013,09:30,0.009
11/03/2013,10:00,0.003
11/03/2013,10:30,-0.004
11/03/2013,11:00,-0.012
11/03/2013,11:30,-0.013
11/03/2013,12:00,0.182
11/03/2013,12:30,0.324
11/03/2013,13:00,0.477
11/03/2013,13:30,0.567
11/03/2013,14:00,0.524
11/03/2013,14:30,0.388
11/03/2013,15:00,0.247
11/03/2013,15:30,0.106
11/03/2013,16:00,0.017
11/03/2013,16:30,0.012
11/03/2013,17:00,-0.001
11/03/2013,17:30,-0.007
11/03/2013,18:00,-0.015
11/03/2013,18:30,-0.019
11/03/2013,19:00,-0.025
11/03/2013,19:30,-0.029
11/03/2013,20:00,-0.035
11/03/2013,20:30,-0.04
11/03/2013,21:00,-0.042
11/03/2013,21:30,-0.044
11/03/2013,22:00,-0.047
11/03/2013,22:30,-0.053
11/03/2013,23:00,-0.058
11/03/2013,23:30,-0.063
11/04/2013,00:00,-0.062
11/04/2013,00:30,0.227
11/04/2013,01:00,0.502
11/04/2013,01:30,0.828
11/04/2013,02:00,1.075
11/04/2013,02:30,1.155
11/04/2013,03:00,1.066
11/04/2013,03:30,0.885
11/04/2013,04:00,0.698
11/04/2013,04:30,0.514
11/04/2013,05:00,0.341
11/04/2013,05:30,0.199
11/04/2013,06:00,0.034
11/04/2013,06:30,0.021
11/04/2013,07:00,0.021
11/04/2013,07:30,0.021
11/04/2013,08:00,0.019
11/04/2013,08:30,0.016
11/04/2013,09:00,0.016
11/04/2013,09:30,0.014
11/04/2013,10:00,0.011
11/04/2013,10:30,0.007
11/04/2013,11:00,0
11/04/2013,11:30,-0.001
11/04/2013,12:00,-0.006
11/04/2013,12:30,0.109
11/04/2013,13:00,0.248
11/04/2013,13:30,0.386
11/04/2013,14:00,0.506
11/04/2013,14:30,0.532
11/04/2013,15:00,0.419
11/04/2013,15:30,0.277
11/04/2013,16:00,0.15
11/04/2013,16:30,0.016
11/04/2013,17:00,0.016
11/04/2013,17:30,0.012
11/04/2013,18:00,0.006
11/04/2013,18:30,0.005
11/04/2013,19:00,0.003
11/04/2013,19:30,0.001
11/04/2013,20:00,0
11/04/2013,20:30,-0.004
11/04/2013,21:00,-0.004
11/04/2013,21:30,-0.004
11/04/2013,22:00,-0.006
11/04/2013,22:30,-0.007
11/04/2013,23:00,-0.007
11/04/2013,23:30,-0.007
11/05/2013,00:00,-0.011
11/05/2013,00:30,-0.01
11/05/2013,01:00,0.115
11/05/2013,01:30,0.361
11/05/2013,02:00,0.65
11/05/2013,02:30,0.943
11/05/2013,03:00,1.112
11/05/2013,03:30,1.098
11/05/2013,04:00,0.946
11/05/2013,04:30,0.766
11/05/2013,05:00,0.592
11/05/2013,05:30,0.43
11/05/2013,06:00,0.285
11/05/2013,06:30,0.138
11/05/2013,07:00,0.088
11/05/2013,07:30,0.09
11/05/2013,08:00,0.089
11/05/2013,08:30,0.086
11/05/2013,09:00,0.081
11/05/2013,09:30,0.081
11/05/2013,10:00,0.079
11/05/2013,10:30,0.074
11/05/2013,11:00,0.068
11/05/2013,11:30,0.061
11/05/2013,12:00,0.056
11/05/2013,12:30,0.05
11/05/2013,13:00,0.05
11/05/2013,13:30,0.14
11/05/2013,14:00,0.265
11/05/2013,14:30,0.36
11/05/2013,15:00,0.397
11/05/2013,15:30,0.323
11/05/2013,16:00,0.208
11/05/2013,16:30,0.099
11/05/2013,17:00,0.089
11/05/2013,17:30,0.086
11/05/2013,18:00,0.079
11/05/2013,18:30,0.073
11/05/2013,19:00,0.068
11/05/2013,19:30,0.068
11/05/2013,20:00,0.068
11/05/2013,20:30,0.066
11/05/2013,21:00,0.065
11/05/2013,21:30,0.062
11/05/2013,22:00,0.06
11/05/2013,22:30,0.053
11/05/2013,23:00,0.053
11/05/2013,23:30,0.049
11/06/2013,00:00,0.045
11/06/2013,00:30,0.041
11/06/2013,01:00,0.037
11/06/2013,01:30,0.037
11/06/2013,02:00,0.217
11/06/2013,02:30,0.426
11/06/2013,03:00,0.684
11/06/2013,03:30,0.916
11/06/2013,04:00,1.014
11/06/2013,04:30,0.945
11/06/2013,05:00,0.78
11/06/2013,05:30,0.61
11/06/2013,06:00,0.454
11/06/2013,06:30,0.316
11/06/2013,07:00,0.166
11/06/2013,07:30,0.128
11/06/2013,08:00,0.123
11/06/2013,08:30,0.118
11/06/2013,09:00,0.113
11/06/2013,09:30,0.11
11/06/2013,10:00,0.105
11/06/2013,10:30,0.098
11/06/2013,11:00,0.091
11/06/2013,11:30,0.085
11/06/2013,12:00,0.076
11/06/2013,12:30,0.067
11/06/2013,13:00,0.057
11/06/2013,13:30,0.051
11/06/2013,14:00,0.048
11/06/2013,14:30,0.084
11/06/2013,15:00,0.193
11/06/2013,15:30,0.208
11/06/2013,16:00,0.188
11/06/2013,16:30,0.108
11/06/2013,17:00,0.092
11/06/2013,17:30,0.084
11/06/2013,18:00,0.075
11/06/2013,18:30,0.069
11/06/2013,19:00,0.065
11/06/2013,19:30,0.061
11/06/2013,20:00,0.053
11/06/2013,20:30,0.05
11/06/2013,21:00,0.046
11/06/2013,21:30,0.041
11/06/2013,22:00,0.035
11/06/2013,22:30,0.03
11/06/2013,23:00,0.027
11/06/2013,23:30,0.019
11/07/2013,00:00,0.013
11/07/2013,00:30,0.01
11/07/2013,01:00,0.01
11/07/2013,01:30,0.005
11/07/2013,02:00,0.002
11/07/2013,02:30,0.001
11/07/2013,03:00,0.211
11/07/2013,03:30,0.39
11/07/2013,04:00,0.6
11/07/2013,04:30,0.774
11/07/2013,05:00,0.825
11/07/2013,05:30,0.735
11/07/2013,06:00,0.603
11/07/2013,06:30,0.47
11/07/2013,07:00,0.346
11/07/2013,07:30,0.218
11/07/2013,08:00,0.12
11/07/2013,08:30,0.121
11/07/2013,09:00,0.114
11/07/2013,09:30,0.105
11/07/2013,10:00,0.1
11/07/2013,10:30,0.097
11/07/2013,11:00,0.088
11/07/2013,11:30,0.08
11/07/2013,12:00,0.069
11/07/2013,12:30,0.06
11/07/2013,13:00,0.048
11/07/2013,13:30,0.04
11/07/2013,14:00,0.031
11/07/2013,14:30,0.025
11/07/2013,15:00,0.024
11/07/2013,15:30,0.027
11/07/2013,16:00,0.03
11/07/2013,16:30,0.037
11/07/2013,17:00,0.03
11/07/2013,17:30,0.026
11/07/2013,18:00,0.023
11/07/2013,18:30,0.018
11/07/2013,19:00,0.015
11/07/2013,19:30,0.012
11/07/2013,20:00,0.008
11/07/2013,20:30,0.005
11/07/2013,21:00,0.002
11/07/2013,21:30,-0.003
11/07/2013,22:00,-0.004
11/07/2013,22:30,-0.006
11/07/2013,23:00,-0.009
11/07/2013,23:30,-0.01
11/08/2013,00:00,-0.015
11/08/2013,00:30,-0.016
11/08/2013,01:00,-0.019
11/08/2013,01:30,-0.021
11/08/2013,02:00,-0.025
11/08/2013,02:30,-0.028
11/08/2013,03:00,-0.029
11/08/2013,03:30,-0.027
11/08/2013,04:00,0.193
11/08/2013,04:30,0.341
11/08/2013,05:00,0.486
11/08/2013,05:30,0.602
11/08/2013,06:00,0.63
11/08/2013,06:30,0.561
11/08/2013,07:00,0.46
11/08/2013,07:30,0.352
11/08/2013,08:00,0.249
11/08/2013,08:30,0.108
11/08/2013,09:00,0.107
11/08/2013,09:30,0.099
11/08/2013,10:00,0.092
11/08/2013,10:30,0.087
11/08/2013,11:00,0.076
11/08/2013,11:30,0.066
11/08/2013,12:00,0.057
11/08/2013,12:30,0.046
11/08/2013,13:00,0.034
11/08/2013,13:30,0.022
11/08/2013,14:00,0.013
11/08/2013,14:30,0.007
11/08/2013,15:00,-0.004
11/08/2013,15:30,-0.008
11/08/2013,16:00,-0.016
11/08/2013,16:30,-0.016
11/08/2013,17:00,-0.016
11/08/2013,17:30,-0.015
11/08/2013,18:00,-0.015
11/08/2013,18:30,-0.017
11/08/2013,19:00,-0.021
11/08/2013,19:30,-0.023
11/08/2013,20:00,-0.027
11/08/2013,20:30,-0.028
11/08/2013,21:00,-0.028
11/08/2013,21:30,-0.029
11/08/2013,22:00,-0.034
11/08/2013,22:30,-0.036
11/08/2013,23:00,-0.035
11/08/2013,23:30,-0.04
11/09/2013,00:00,-0.041
11/09/2013,00:30,-0.042
11/09/2013,01:00,-0.044
11/09/2013,01:30,-0.047
11/09/2013,02:00,-0.049
11/09/2013,02:30,-0.053
11/09/2013,03:00,-0.056
11/09/2013,03:30,-0.056
11/09/2013,04:00,-0.059
11/09/2013,04:30,-0.055
11/09/2013,05:00,-0.035
11/09/2013,05:30,0.218
11/09/2013,06:00,0.327
11/09/2013,06:30,0.422
11/09/2013,07:00,0.488
11/09/2013,07:30,0.476
11/09/2013,08:00,0.401
11/09/2013,08:30,0.304
11/09/2013,09:00,0.183
11/09/2013,09:30,0.117
11/09/2013,10:00,0.105
11/09/2013,10:30,0.094
11/09/2013,11:00,0.081
11/09/2013,11:30,0.073
11/09/2013,12:00,0.061
11/09/2013,12:30,0.05
11/09/2013,13:00,0.039
11/09/2013,13:30,0.03
11/09/2013,14:00,0.021
11/09/2013,14:30,0.012
11/09/2013,15:00,0.005
11/09/2013,15:30,-0.001
11/09/2013,16:00,-0.007
11/09/2013,16:30,-0.011
11/09/2013,17:00,-0.017
11/09/2013,17:30,-0.019
11/09/2013,18:00,-0.019
11/09/2013,18:30,-0.016
11/09/2013,19:00,-0.015
11/09/2013,19:30,-0.016
11/09/2013,20:00,-0.015
11/09/2013,20:30,-0.015
11/09/2013,21:00,-0.016
11/09/2013,21:30,-0.016
11/09/2013,22:00,-0.018
11/09/2013,22:30,-0.023
11/09/2013,23:00,-0.028
11/09/2013,23:30,-0.03
11/10/2013,00:00,-0.036
11/10/2013,00:30,-0.038
11/10/2013,01:00,-0.041
11/10/2013,01:30,-0.046
11/10/2013,02:00,-0.051
11/10/2013,02:30,-0.054
11/10/2013,03:00,-0.058
11/10/2013,03:30,-0.06
11/10/2013,04:00,-0.061
11/10/2013,04:30,-0.064
11/10/2013,05:00,-0.064
11/10/2013,05:30,-0.065
11/10/2013,06:00,-0.061
11/10/2013,06:30,-0.046
11/10/2013,07:00,0.178
11/10/2013,07:30,0.271
11/10/2013,08:00,0.342
11/10/2013,08:30,0.376
11/10/2013,09:00,0.343
11/10/2013,09:30,0.276
11/10/2013,10:00,0.183
11/10/2013,10:30,0.116
11/10/2013,11:00,0.103
11/10/2013,11:30,0.092
11/10/2013,12:00,0.081
11/10/2013,12:30,0.071
11/10/2013,13:00,0.059
11/10/2013,13:30,0.048
11/10/2013,14:00,0.036
11/10/2013,14:30,0.027
11/10/2013,15:00,0.016
11/10/2013,15:30,0.01
11/10/2013,16:00,0.004
11/10/2013,16:30,-0.003
11/10/2013,17:00,-0.008
11/10/2013,17:30,-0.013
11/10/2013,18:00,-0.016
11/10/2013,18:30,-0.016
11/10/2013,19:00,-0.019
11/10/2013,19:30,-0.02
11/10/2013,20:00,-0.021
11/10/2013,20:30,-0.021
11/10/2013,21:00,-0.019
11/10/2013,21:30,-0.016
11/10/2013,22:00,-0.017
11/10/2013,22:30,-0.02
11/10/2013,23:00,-0.021
11/10/2013,23:30,-0.027
11/11/2013,00:00,-0.034
11/11/2013,00:30,-0.039
11/11/2013,01:00,-0.047
11/11/2013,01:30,-0.05
11/11/2013,02:00,-0.054
11/11/2013,02:30,-0.059
11/11/2013,03:00,-0.065
11/11/2013,03:30,-0.07
11/11/2013,04:00,-0.072
11/11/2013,04:30,-0.077
11/11/2013,05:00,-0.079
11/11/2013,05:30,-0.08
11/11/2013,06:00,-0.083
11/11/2013,06:30,-0.083
11/11/2013,07:00,-0.084
11/11/2013,07:30,-0.08
11/11/2013,08:00,-0.062
11/11/2013,08:30,0.165
11/11/2013,09:00,0.251
11/11/2013,09:30,0.328
11/11/2013,10:00,0.342
11/11/2013,10:30,0.283
11/11/2013,11:00,0.176
11/11/2013,11:30,0.093
11/11/2013,12:00,0.078
11/11/2013,12:30,0.063
11/11/2013,13:00,0.052
11/11/2013,13:30,0.039
11/11/2013,14:00,0.027
11/11/2013,14:30,0.018
11/11/2013,15:00,0.011
11/11/2013,15:30,0.004
11/11/2013,16:00,-0.003
11/11/2013,16:30,-0.007
11/11/2013,17:00,-0.014
11/11/2013,17:30,-0.019
11/11/2013,18:00,-0.023
11/11/2013,18:30,-0.022
11/11/2013,19:00,-0.024
11/11/2013,19:30,-0.027
11/11/2013,20:00,-0.031
11/11/2013,20:30,-0.032
11/11/2013,21:00,-0.034
11/11/2013,21:30,-0.027
11/11/2013,22:00,-0.001
11/11/2013,22:30,0.102
11/11/2013,23:00,0.082
11/11/2013,23:30,0.031
11/12/2013,00:00,0.015
11/12/2013,00:30,0.002
11/12/2013,01:00,-0.008
11/12/2013,01:30,-0.016
11/12/2013,02:00,-0.024
11/12/2013,02:30,-0.031
11/12/2013,03:00,-0.041
11/12/2013,03:30,-0.046
11/12/2013,04:00,-0.052
11/12/2013,04:30,-0.054
11/12/2013,05:00,-0.058
11/12/2013,05:30,-0.059
11/12/2013,06:00,-0.059
11/12/2013,06:30,-0.06
11/12/2013,07:00,-0.062
11/12/2013,07:30,-0.065
11/12/2013,08:00,-0.065
11/12/2013,08:30,-0.06
11/12/2013,09:00,-0.049
11/12/2013,09:30,0.177
11/12/2013,10:00,0.25
11/12/2013,10:30,0.302
11/12/2013,11:00,0.335
11/12/2013,11:30,0.278
11/12/2013,12:00,0.136
11/12/2013,12:30,0.09
11/12/2013,13:00,0.071
11/12/2013,13:30,0.054
11/12/2013,14:00,0.039
11/12/2013,14:30,0.034
11/12/2013,15:00,0.023
11/12/2013,15:30,0.015
11/12/2013,16:00,0.007
11/12/2013,16:30,0.002
11/12/2013,17:00,-0.005
11/12/2013,17:30,-0.008
11/12/2013,18:00,-0.012
11/12/2013,18:30,-0.017
11/12/2013,19:00,-0.02
11/12/2013,19:30,-0.023
11/12/2013,20:00,-0.026
11/12/2013,20:30,-0.031
11/12/2013,21:00,-0.032
11/12/2013,21:30,-0.032
11/12/2013,22:00,-0.015
11/12/2013,22:30,0.201
11/12/2013,23:00,0.287
11/12/2013,23:30,0.33
11/13/2013,00:00,0.294
11/13/2013,00:30,0.204
11/13/2013,01:00,0.094
11/13/2013,01:30,0.072
11/13/2013,02:00,0.064
11/13/2013,02:30,0.055
11/13/2013,03:00,0.047
11/13/2013,03:30,0.036
11/13/2013,04:00,0.03
11/13/2013,04:30,0.022
11/13/2013,05:00,0.019
11/13/2013,05:30,0.011
11/13/2013,06:00,0.004
11/13/2013,06:30,0.001
11/13/2013,07:00,-0.003
11/13/2013,07:30,-0.006
11/13/2013,08:00,-0.008
11/13/2013,08:30,-0.009
11/13/2013,09:00,-0.008
11/13/2013,09:30,-0.009
11/13/2013,10:00,0.013
11/13/2013,10:30,0.221
11/13/2013,11:00,0.314
11/13/2013,11:30,0.36
11/13/2013,12:00,0.321
11/13/2013,12:30,0.23
11/13/2013,13:00,0.072
11/13/2013,13:30,0.056
11/13/2013,14:00,0.042
11/13/2013,14:30,0.031
11/13/2013,15:00,0.023
11/13/2013,15:30,0.014
11/13/2013,16:00,0.005
11/13/2013,16:30,0.003
11/13/2013,17:00,0.001
11/13/2013,17:30,-0.008
11/13/2013,18:00,-0.013
11/13/2013,18:30,-0.015
11/13/2013,19:00,-0.019
11/13/2013,19:30,-0.026
11/13/2013,20:00,-0.031
11/13/2013,20:30,-0.033
11/13/2013,21:00,-0.038
11/13/2013,21:30,-0.039
11/13/2013,22:00,-0.039
11/13/2013,22:30,-0.022
11/13/2013,23:00,0.254
11/13/2013,23:30,0.388
11/14/2013,00:00,0.503
11/14/2013,00:30,0.551
11/14/2013,01:00,0.476
11/14/2013,01:30,0.363
11/14/2013,02:00,0.249
11/14/2013,02:30,0.095
11/14/2013,03:00,0.063
11/14/2013,03:30,0.049
11/14/2013,04:00,0.043
11/14/2013,04:30,0.031
11/14/2013,05:00,0.022
11/14/2013,05:30,0.019
11/14/2013,06:00,0.011
11/14/2013,06:30,0.009
11/14/2013,07:00,0.008
11/14/2013,07:30,0.003
11/14/2013,08:00,0.002
11/14/2013,08:30,-0.001
11/14/2013,09:00,-0.005
11/14/2013,09:30,-0.009
11/14/2013,10:00,-0.009
11/14/2013,10:30,-0.005
11/14/2013,11:00,0.18
11/14/2013,11:30,0.259
11/14/2013,12:00,0.307
11/14/2013,12:30,0.284
11/14/2013,13:00,0.188
11/14/2013,13:30,0.059
11/14/2013,14:00,0.045
11/14/2013,14:30,0.031
11/14/2013,15:00,0.015
11/14/2013,15:30,0.008
11/14/2013,16:00,0
11/14/2013,16:30,-0.008
11/14/2013,17:00,-0.017
11/14/2013,17:30,-0.019
11/14/2013,18:00,-0.028
11/14/2013,18:30,-0.029
11/14/2013,19:00,-0.036
11/14/2013,19:30,-0.041
11/14/2013,20:00,-0.048
11/14/2013,20:30,-0.052
11/14/2013,21:00,-0.055
11/14/2013,21:30,-0.059
11/14/2013,22:00,-0.062
11/14/2013,22:30,-0.066
11/14/2013,23:00,0.078
11/14/2013,23:30,0.276
11/15/2013,00:00,0.462
11/15/2013,00:30,0.633
11/15/2013,01:00,0.713
11/15/2013,01:30,0.655
11/15/2013,02:00,0.517
11/15/2013,02:30,0.374
11/15/2013,03:00,0.238
11/15/2013,03:30,0.089
11/15/2013,04:00,0.025
11/15/2013,04:30,0.011
11/15/2013,05:00,0.002
11/15/2013,05:30,-0.003
11/15/2013,06:00,-0.006
11/15/2013,06:30,-0.009
11/15/2013,07:00,-0.016
11/15/2013,07:30,-0.026
11/15/2013,08:00,-0.032
11/15/2013,08:30,-0.032
11/15/2013,09:00,-0.036
11/15/2013,09:30,-0.041
11/15/2013,10:00,-0.046
11/15/2013,10:30,-0.054
11/15/2013,11:00,-0.046
11/15/2013,11:30,0.156
11/15/2013,12:00,0.254
11/15/2013,12:30,0.322
11/15/2013,13:00,0.292
11/15/2013,13:30,0.206
11/15/2013,14:00,0.075
11/15/2013,14:30,0.001
11/15/2013,15:00,-0.013
11/15/2013,15:30,-0.027
11/15/2013,16:00,-0.037
11/15/2013,16:30,-0.047
11/15/2013,17:00,-0.055
11/15/2013,17:30,-0.061
11/15/2013,18:00,-0.066
11/15/2013,18:30,-0.07
11/15/2013,19:00,-0.075
11/15/2013,19:30,-0.073
11/15/2013,20:00,-0.081
11/15/2013,20:30,-0.082
11/15/2013,21:00,-0.092
11/15/2013,21:30,-0.087
11/15/2013,22:00,-0.089
11/15/2013,22:30,-0.09
11/15/2013,23:00,-0.092
11/15/2013,23:30,0.095
11/16/2013,00:00,0.289
11/16/2013,00:30,0.514
11/16/2013,01:00,0.718
11/16/2013,01:30,0.795
11/16/2013,02:00,0.722
11/16/2013,02:30,0.583
11/16/2013,03:00,0.449
11/16/2013,03:30,0.309
11/16/2013,04:00,0.183
11/16/2013,04:30,0.032
11/16/2013,05:00,0.019
11/16/2013,05:30,0.005
11/16/2013,06:00,-0.001
11/16/2013,06:30,-0.004
11/16/2013,07:00,-0.005
11/16/2013,07:30,-0.004
11/16/2013,08:00,-0.006
11/16/2013,08:30,-0.01
11/16/2013,09:00,-0.011
11/16/2013,09:30,-0.015
11/16/2013,10:00,-0.019
11/16/2013,10:30,-0.026
11/16/2013,11:00,-0.027
11/16/2013,11:30,-0.027
11/16/2013,12:00,0.105
11/16/2013,12:30,0.201
11/16/2013,13:00,0.254
11/16/2013,13:30,0.229
11/16/2013,14:00,0.127
11/16/2013,14:30,0.03
11/16/2013,15:00,0.017
11/16/2013,15:30,0.006
11/16/2013,16:00,-0.002
11/16/2013,16:30,-0.008
11/16/2013,17:00,-0.013
11/16/2013,17:30,-0.019
11/16/2013,18:00,-0.021
11/16/2013,18:30,-0.023
11/16/2013,19:00,-0.026
11/16/2013,19:30,-0.028
11/16/2013,20:00,-0.031
11/16/2013,20:30,-0.033
11/16/2013,21:00,-0.038
11/16/2013,21:30,-0.04
11/16/2013,22:00,-0.04
11/16/2013,22:30,-0.043
11/16/2013,23:00,-0.047
11/16/2013,23:30,-0.048
11/17/2013,00:00,0.083
11/17/2013,00:30,0.3
11/17/2013,01:00,0.509
11/17/2013,01:30,0.713
11/17/2013,02:00,0.817
11/17/2013,02:30,0.771
11/17/2013,03:00,0.638
11/17/2013,03:30,0.491
11/17/2013,04:00,0.352
11/17/2013,04:30,0.226
11/17/2013,05:00,0.07
11/17/2013,05:30,0.066
11/17/2013,06:00,0.059
11/17/2013,06:30,0.054
11/17/2013,07:00,0.049
11/17/2013,07:30,0.048
11/17/2013,08:00,0.044
11/17/2013,08:30,0.043
11/17/2013,09:00,0.038
11/17/2013,09:30,0.038
11/17/2013,10:00,0.036
11/17/2013,10:30,0.03
11/17/2013,11:00,0.026
11/17/2013,11:30,0.019
11/17/2013,12:00,0.014
11/17/2013,12:30,0.041
11/17/2013,13:00,0.171
11/17/2013,13:30,0.198
11/17/2013,14:00,0.117
11/17/2013,14:30,0.076
11/17/2013,15:00,0.061
11/17/2013,15:30,0.051
11/17/2013,16:00,0.043
11/17/2013,16:30,0.034
11/17/2013,17:00,0.027
11/17/2013,17:30,0.02
11/17/2013,18:00,0.013
11/17/2013,18:30,0.009
11/17/2013,19:00,0.004
11/17/2013,19:30,0.002
11/17/2013,20:00,-0.002
11/17/2013,20:30,-0.003
11/17/2013,21:00,-0.006
11/17/2013,21:30,-0.005
11/17/2013,22:00,-0.012
11/17/2013,22:30,-0.017
11/17/2013,23:00,-0.019
11/17/2013,23:30,-0.023
11/18/2013,00:00,-0.024
11/18/2013,00:30,-0.019
11/18/2013,01:00,0.281
11/18/2013,01:30,0.467
11/18/2013,02:00,0.659
11/18/2013,02:30,0.782
11/18/2013,03:00,0.759
11/18/2013,03:30,0.624
11/18/2013,04:00,0.484
11/18/2013,04:30,0.348
11/18/2013,05:00,0.224
11/18/2013,05:30,0.114
11/18/2013,06:00,0.097
11/18/2013,06:30,0.089
11/18/2013,07:00,0.083
11/18/2013,07:30,0.08
11/18/2013,08:00,0.073
11/18/2013,08:30,0.069
11/18/2013,09:00,0.068
11/18/2013,09:30,0.066
11/18/2013,10:00,0.059
11/18/2013,10:30,-0.1205
11/18/2013,11:00,-0.3
11/18/2013,11:30,-0.309
11/18/2013,12:00,-0.316
11/18/2013,12:30,-0.324
11/18/2013,13:00,-0.323
11/18/2013,13:30,-0.301
11/18/2013,14:00,-0.285
11/18/2013,14:30,-0.307
11/18/2013,15:00,-0.324
11/18/2013,15:30,-0.336
11/18/2013,16:00,-0.345
11/18/2013,16:30,-0.352
11/18/2013,17:00,-0.359
11/18/2013,17:30,-0.367
11/18/2013,18:00,-0.37
11/18/2013,18:30,-0.372
11/18/2013,19:00,-0.376
11/18/2013,19:30,-0.378
11/18/2013,20:00,-0.382
11/18/2013,20:30,-0.383
11/18/2013,21:00,-0.387
11/18/2013,21:30,-0.39
11/18/2013,22:00,-0.391
11/18/2013,22:30,-0.396
11/18/2013,23:00,-0.401
11/18/2013,23:30,-0.405
11/19/2013,00:00,-0.412
11/19/2013,00:30,-0.412
11/19/2013,01:00,-0.412
11/19/2013,01:30,-0.109
11/19/2013,02:00,0.056
11/19/2013,02:30,0.232
11/19/2013,03:00,0.344
11/19/2013,03:30,0.355
11/19/2013,04:00,0.236
11/19/2013,04:30,0.098
11/19/2013,05:00,-0.041
11/19/2013,05:30,-0.169
11/19/2013,06:00,-0.262
11/19/2013,06:30,-0.28
11/19/2013,07:00,-0.286
11/19/2013,07:30,-0.292
11/19/2013,08:00,-0.299
11/19/2013,08:30,-0.305
11/19/2013,09:00,-0.306
11/19/2013,09:30,-0.311
11/19/2013,10:00,-0.318
11/19/2013,10:30,-0.327
11/19/2013,11:00,-0.334
11/19/2013,11:30,-0.342
11/19/2013,12:00,-0.353
11/19/2013,12:30,-0.363
11/19/2013,13:00,-0.376
11/19/2013,13:30,-0.373
11/19/2013,14:00,-0.361
11/19/2013,14:30,-0.362
11/19/2013,15:00,-0.376
11/19/2013,15:30,-0.386
11/19/2013,16:00,-0.396
11/19/2013,16:30,-0.4
11/19/2013,17:00,-0.404
11/19/2013,17:30,-0.412
11/19/2013,18:00,-0.415
11/19/2013,18:30,-0.419
11/19/2013,19:00,-0.423
11/19/2013,19:30,-0.424
11/19/2013,20:00,-0.43
11/19/2013,20:30,-0.43
11/19/2013,21:00,-0.433
11/19/2013,21:30,-0.436
11/19/2013,22:00,-0.439
11/19/2013,22:30,-0.444
11/19/2013,23:00,-0.447
11/19/2013,23:30,-0.451
11/20/2013,00:00,-0.452
11/20/2013,00:30,-0.455
11/20/2013,01:00,-0.455
11/20/2013,01:30,-0.452
11/20/2013,02:00,-0.145
11/20/2013,02:30,0.014
11/20/2013,03:00,0.166
11/20/2013,03:30,0.25
11/20/2013,04:00,0.213
11/20/2013,04:30,0.108
11/20/2013,05:00,-0.003
11/20/2013,05:30,-0.117
11/20/2013,06:00,-0.262
11/20/2013,06:30,-0.296
11/20/2013,07:00,-0.308
11/20/2013,07:30,-0.318
11/20/2013,08:00,-0.321
11/20/2013,08:30,-0.322
11/20/2013,09:00,-0.325
11/20/2013,09:30,-0.332
11/20/2013,10:00,-0.338
11/20/2013,10:30,-0.346
11/20/2013,11:00,-0.352
11/20/2013,11:30,-0.36
11/20/2013,12:00,-0.371
11/20/2013,12:30,-0.378
11/20/2013,13:00,-0.39
11/20/2013,13:30,-0.394
11/20/2013,14:00,-0.395
11/20/2013,14:30,-0.394
11/20/2013,15:00,-0.395
11/20/2013,15:30,-0.401
11/20/2013,16:00,-0.406
11/20/2013,16:30,-0.41
11/20/2013,17:00,-0.41
11/20/2013,17:30,-0.413
11/20/2013,18:00,-0.42
11/20/2013,18:30,-0.425
11/20/2013,19:00,-0.429
11/20/2013,19:30,-0.434
11/20/2013,20:00,-0.441
11/20/2013,20:30,-0.44
11/20/2013,21:00,-0.442
11/20/2013,21:30,-0.444
11/20/2013,22:00,-0.445
11/20/2013,22:30,-0.445
11/20/2013,23:00,-0.45
11/20/2013,23:30,-0.455
11/21/2013,00:00,-0.46
11/21/2013,00:30,-0.464
11/21/2013,01:00,-0.466
11/21/2013,01:30,-0.466
11/21/2013,02:00,-0.465
11/21/2013,02:30,-0.206
11/21/2013,03:00,-0.081
11/21/2013,03:30,0.04
11/21/2013,04:00,0.124
11/21/2013,04:30,0.112
11/21/2013,05:00,0.01
11/21/2013,05:30,-0.094
11/21/2013,06:00,-0.202
11/21/2013,06:30,-0.285
11/21/2013,07:00,-0.301
11/21/2013,07:30,-0.307
11/21/2013,08:00,-0.313
11/21/2013,08:30,-0.316
11/21/2013,09:00,-0.323
11/21/2013,09:30,-0.327
11/21/2013,10:00,-0.33
11/21/2013,10:30,-0.335
11/21/2013,11:00,-0.345
11/21/2013,11:30,-0.353
11/21/2013,12:00,-0.362
11/21/2013,12:30,-0.375
11/21/2013,13:00,-0.389
11/21/2013,13:30,-0.395
11/21/2013,14:00,-0.398
11/21/2013,14:30,-0.404
11/21/2013,15:00,-0.407
11/21/2013,15:30,-0.412
11/21/2013,16:00,-0.412
11/21/2013,16:30,-0.413
11/21/2013,17:00,-0.416
11/21/2013,17:30,-0.414
11/21/2013,18:00,-0.419
11/21/2013,18:30,-0.423
11/21/2013,19:00,-0.427
11/21/2013,19:30,-0.432
11/21/2013,20:00,-0.435
11/21/2013,20:30,-0.438
11/21/2013,21:00,-0.444
11/21/2013,21:30,-0.447
11/21/2013,22:00,-0.451
11/21/2013,22:30,-0.458
11/21/2013,23:00,-0.462
11/21/2013,23:30,-0.467
11/22/2013,00:00,-0.472
11/22/2013,00:30,-0.478
11/22/2013,01:00,-0.484
11/22/2013,01:30,-0.487
11/22/2013,02:00,-0.493
11/22/2013,02:30,-0.487
11/22/2013,03:00,-0.257
11/22/2013,03:30,-0.137
11/22/2013,04:00,-0.028
11/22/2013,04:30,0.023
11/22/2013,05:00,-0.032
11/22/2013,05:30,-0.112
11/22/2013,06:00,-0.205
11/22/2013,06:30,-0.29
11/22/2013,07:00,-0.307
11/22/2013,07:30,-0.316
11/22/2013,08:00,-0.319
11/22/2013,08:30,-0.323
11/22/2013,09:00,-0.326
11/22/2013,09:30,-0.333
11/22/2013,10:00,-0.339
11/22/2013,10:30,-0.342
11/22/2013,11:00,-0.35
11/22/2013,11:30,-0.359
11/22/2013,12:00,-0.368
11/22/2013,12:30,-0.377
11/22/2013,13:00,-0.385
11/22/2013,13:30,-0.389
11/22/2013,14:00,-0.396
11/22/2013,14:30,-0.398
11/22/2013,15:00,-0.405
11/22/2013,15:30,-0.406
11/22/2013,16:00,-0.408
11/22/2013,16:30,-0.411
11/22/2013,17:00,-0.406
11/22/2013,17:30,-0.389
11/22/2013,18:00,-0.369
11/22/2013,18:30,-0.363
11/22/2013,19:00,-0.356
11/22/2013,19:30,-0.353
11/22/2013,20:00,-0.357
11/22/2013,20:30,-0.363
11/22/2013,21:00,-0.371
11/22/2013,21:30,-0.372
11/22/2013,22:00,-0.374
11/22/2013,22:30,-0.378
11/22/2013,23:00,-0.383
11/22/2013,23:30,-0.382
11/23/2013,00:00,-0.366
11/23/2013,00:30,-0.362
11/23/2013,01:00,-0.362
11/23/2013,01:30,-0.365
11/23/2013,02:00,-0.365
11/23/2013,02:30,-0.362
11/23/2013,03:00,-0.363
11/23/2013,03:30,-0.366
11/23/2013,04:00,-0.336
11/23/2013,04:30,-0.2
11/23/2013,05:00,-0.149
11/23/2013,05:30,-0.171
11/23/2013,06:00,-0.25
11/23/2013,06:30,-0.257
11/23/2013,07:00,-0.277
11/23/2013,07:30,-0.284
11/23/2013,08:00,-0.289
11/23/2013,08:30,-0.295
11/23/2013,09:00,-0.303
11/23/2013,09:30,-0.308
11/23/2013,10:00,-0.313
11/23/2013,10:30,-0.319
11/23/2013,11:00,-0.328
11/23/2013,11:30,-0.336
11/23/2013,12:00,-0.346
11/23/2013,12:30,-0.354
11/23/2013,13:00,-0.366
11/23/2013,13:30,-0.373
11/23/2013,14:00,-0.38
11/23/2013,14:30,-0.386
11/23/2013,15:00,-0.39
11/23/2013,15:30,-0.393
11/23/2013,16:00,-0.395
11/23/2013,16:30,-0.398
11/23/2013,17:00,-0.4
11/23/2013,17:30,-0.403
11/23/2013,18:00,-0.405
11/23/2013,18:30,-0.405
11/23/2013,19:00,-0.409
11/23/2013,19:30,-0.412
11/23/2013,20:00,-0.415
11/23/2013,20:30,-0.416
11/23/2013,21:00,-0.417
11/23/2013,21:30,-0.42
11/23/2013,22:00,-0.421
11/23/2013,22:30,-0.425
11/23/2013,23:00,-0.427
11/23/2013,23:30,-0.429
11/24/2013,00:00,-0.432
11/24/2013,00:30,-0.434
11/24/2013,01:00,-0.437
11/24/2013,01:30,-0.439
11/24/2013,02:00,-0.443
11/24/2013,02:30,-0.445
11/24/2013,03:00,-0.447
11/24/2013,03:30,-0.444
11/24/2013,04:00,-0.443
11/24/2013,04:30,-0.439
11/24/2013,05:00,-0.43
11/24/2013,05:30,-0.409
11/24/2013,06:00,-0.39
11/24/2013,06:30,-0.381
11/24/2013,07:00,-0.381
11/24/2013,07:30,-0.382
11/24/2013,08:00,-0.385
11/24/2013,08:30,-0.389
11/24/2013,09:00,-0.395
11/24/2013,09:30,-0.404
11/24/2013,10:00,-0.413
11/24/2013,10:30,-0.419
11/24/2013,11:00,-0.425
11/24/2013,11:30,-0.432
11/24/2013,12:00,-0.437
11/24/2013,12:30,-0.444
11/24/2013,13:00,-0.454
11/24/2013,13:30,-0.459
11/24/2013,14:00,-0.463
11/24/2013,14:30,-0.467
11/24/2013,15:00,-0.47
11/24/2013,15:30,-0.474
11/24/2013,16:00,-0.475
11/24/2013,16:30,-0.478
11/24/2013,17:00,-0.478
11/24/2013,17:30,-0.481
11/24/2013,18:00,-0.48
11/24/2013,18:30,-0.48
11/24/2013,19:00,-0.477
11/24/2013,19:30,-0.482
11/24/2013,20:00,-0.481
11/24/2013,20:30,-0.478
11/24/2013,21:00,-0.478
11/24/2013,21:30,-0.48
11/24/2013,22:00,-0.481
11/24/2013,22:30,-0.486
11/24/2013,23:00,-0.486
11/24/2013,23:30,-0.49
11/25/2013,00:00,-0.491
11/25/2013,00:30,-0.492
11/25/2013,01:00,-0.496
11/25/2013,01:30,-0.497
11/25/2013,02:00,-0.498
11/25/2013,02:30,-0.498
11/25/2013,03:00,-0.5
11/25/2013,03:30,-0.5
11/25/2013,04:00,-0.502
11/25/2013,04:30,-0.502
11/25/2013,05:00,-0.5
11/25/2013,05:30,-0.493
11/25/2013,06:00,-0.483
11/25/2013,06:30,-0.475
11/25/2013,07:00,-0.465
11/25/2013,07:30,-0.458
11/25/2013,08:00,-0.453
11/25/2013,08:30,-0.45
11/25/2013,09:00,-0.45
11/25/2013,09:30,-0.453
11/25/2013,10:00,-0.458
11/25/2013,10:30,-0.463
11/25/2013,11:00,-0.469
11/25/2013,11:30,-0.479
11/25/2013,12:00,-0.487
11/25/2013,12:30,-0.493
11/25/2013,13:00,-0.499
11/25/2013,13:30,-0.504
11/25/2013,14:00,-0.508
11/25/2013,14:30,-0.512
11/25/2013,15:00,-0.515
11/25/2013,15:30,-0.517
11/25/2013,16:00,-0.52
11/25/2013,16:30,-0.522
11/25/2013,17:00,-0.522
11/25/2013,17:30,-0.524
11/25/2013,18:00,-0.524
11/25/2013,18:30,-0.521
11/25/2013,19:00,-0.521
11/25/2013,19:30,-0.518
11/25/2013,20:00,-0.518
11/25/2013,20:30,-0.516
11/25/2013,21:00,-0.513
11/25/2013,21:30,-0.51
11/25/2013,22:00,-0.513
11/25/2013,22:30,-0.514
11/25/2013,23:00,-0.514
11/25/2013,23:30,-0.516
11/26/2013,00:00,-0.519
11/26/2013,00:30,-0.518
11/26/2013,01:00,-0.521
11/26/2013,01:30,-0.519
11/26/2013,02:00,-0.52
11/26/2013,02:30,-0.524
11/26/2013,03:00,-0.526
11/26/2013,03:30,-0.527
11/26/2013,04:00,-0.527
11/26/2013,04:30,-0.529
11/26/2013,05:00,-0.53
11/26/2013,05:30,-0.53
11/26/2013,06:00,-0.525
11/26/2013,06:30,-0.524
11/26/2013,07:00,-0.516
11/26/2013,07:30,-0.507
11/26/2013,08:00,-0.495
11/26/2013,08:30,-0.486
11/26/2013,09:00,-0.48
11/26/2013,09:30,-0.477
11/26/2013,10:00,-0.479
11/26/2013,10:30,-0.486
11/26/2013,11:00,-0.495
11/26/2013,11:30,-0.505
11/26/2013,12:00,-0.515
11/26/2013,12:30,-0.529
11/26/2013,13:00,-0.541
11/26/2013,13:30,-0.549
11/26/2013,14:00,-0.558
11/26/2013,14:30,-0.56
11/26/2013,15:00,-0.563
11/26/2013,15:30,-0.564
11/26/2013,16:00,-0.565
11/26/2013,16:30,-0.568
11/26/2013,17:00,-0.571
11/26/2013,17:30,-0.574
11/26/2013,18:00,-0.575
11/26/2013,18:30,-0.575
11/26/2013,19:00,-0.575
11/26/2013,19:30,-0.57
11/26/2013,20:00,-0.572
11/26/2013,20:30,-0.572
11/26/2013,21:00,-0.571
11/26/2013,21:30,-0.569
11/26/2013,22:00,-0.564
11/26/2013,22:30,-0.564
11/26/2013,23:00,-0.567
11/26/2013,23:30,-0.567
11/27/2013,00:00,-0.574
11/27/2013,00:30,-0.576
11/27/2013,01:00,-0.58
11/27/2013,01:30,-0.586
11/27/2013,02:00,-0.585
11/27/2013,02:30,-0.585
11/27/2013,03:00,-0.591
11/27/2013,03:30,-0.594
11/27/2013,04:00,-0.594
11/27/2013,04:30,-0.594
11/27/2013,05:00,-0.594
11/27/2013,05:30,-0.596
11/27/2013,06:00,-0.596
11/27/2013,06:30,-0.599
11/27/2013,07:00,-0.599
11/27/2013,07:30,-0.59
11/27/2013,08:00,-0.575
11/27/2013,08:30,-0.563
11/27/2013,09:00,-0.55
11/27/2013,09:30,-0.54
11/27/2013,10:00,-0.528
11/27/2013,10:30,-0.526
11/27/2013,11:00,-0.526
11/27/2013,11:30,-0.532
11/27/2013,12:00,-0.539
11/27/2013,12:30,-0.552
11/27/2013,13:00,-0.565
11/27/2013,13:30,-0.578
11/27/2013,14:00,-0.589
11/27/2013,14:30,-0.597
11/27/2013,15:00,-0.603
11/27/2013,15:30,-0.612
11/27/2013,16:00,-0.619
11/27/2013,16:30,-0.621
11/27/2013,17:00,-0.626
11/27/2013,17:30,-0.625
11/27/2013,18:00,-0.62
11/27/2013,18:30,-0.618
11/27/2013,19:00,-0.615
11/27/2013,19:30,-0.615
11/27/2013,20:00,-0.615
11/27/2013,20:30,-0.611
11/27/2013,21:00,-0.607
11/27/2013,21:30,-0.599
11/27/2013,22:00,-0.582
11/27/2013,22:30,-0.542
11/27/2013,23:00,-0.51
11/27/2013,23:30,-0.501
11/28/2013,00:00,-0.507
11/28/2013,00:30,-0.513
11/28/2013,01:00,-0.519
11/28/2013,01:30,-0.529
11/28/2013,02:00,-0.538
11/28/2013,02:30,-0.546
11/28/2013,03:00,-0.551
11/28/2013,03:30,-0.559
11/28/2013,04:00,-0.566
11/28/2013,04:30,-0.572
11/28/2013,05:00,-0.578
11/28/2013,05:30,-0.584
11/28/2013,06:00,-0.588
11/28/2013,06:30,-0.588
11/28/2013,07:00,-0.583
11/28/2013,07:30,-0.582
11/28/2013,08:00,-0.584
11/28/2013,08:30,-0.581
11/28/2013,09:00,-0.567
11/28/2013,09:30,-0.538
11/28/2013,10:00,-0.502
11/28/2013,10:30,-0.473
11/28/2013,11:00,-0.468
11/28/2013,11:30,-0.472
11/28/2013,12:00,-0.479
11/28/2013,12:30,-0.499
11/28/2013,13:00,-0.512
11/28/2013,13:30,-0.525
11/28/2013,14:00,-0.54
11/28/2013,14:30,-0.553
11/28/2013,15:00,-0.562
11/28/2013,15:30,-0.572
11/28/2013,16:00,-0.576
11/28/2013,16:30,-0.579
11/28/2013,17:00,-0.583
11/28/2013,17:30,-0.587
11/28/2013,18:00,-0.59
11/28/2013,18:30,-0.59
11/28/2013,19:00,-0.587
11/28/2013,19:30,-0.59
11/28/2013,20:00,-0.587
11/28/2013,20:30,-0.586
11/28/2013,21:00,-0.584
11/28/2013,21:30,-0.579
11/28/2013,22:00,-0.565
11/28/2013,22:30,-0.351
11/28/2013,23:00,-0.107
11/28/2013,23:30,-0.052
11/29/2013,00:00,-0.08
11/29/2013,00:30,-0.171
11/29/2013,01:00,-0.234
11/29/2013,01:30,-0.25
11/29/2013,02:00,-0.259
11/29/2013,02:30,-0.267
11/29/2013,03:00,-0.275
11/29/2013,03:30,-0.281
11/29/2013,04:00,-0.291
11/29/2013,04:30,-0.297
11/29/2013,05:00,-0.303
11/29/2013,05:30,-0.309
11/29/2013,06:00,-0.313
11/29/2013,06:30,-0.319
11/29/2013,07:00,-0.322
11/29/2013,07:30,-0.322
11/29/2013,08:00,-0.327
11/29/2013,08:30,-0.329
11/29/2013,09:00,-0.329
11/29/2013,09:30,-0.327
11/29/2013,10:00,-0.321
11/29/2013,10:30,-0.295
11/29/2013,11:00,-0.167
11/29/2013,11:30,-0.194
11/29/2013,12:00,-0.249
11/29/2013,12:30,-0.275
11/29/2013,13:00,-0.295
11/29/2013,13:30,-0.311
11/29/2013,14:00,-0.327
11/29/2013,14:30,-0.341
11/29/2013,15:00,-0.352
11/29/2013,15:30,-0.364
11/29/2013,16:00,-0.373
11/29/2013,16:30,-0.377
11/29/2013,17:00,-0.378
11/29/2013,17:30,-0.383
11/29/2013,18:00,-0.384
11/29/2013,18:30,-0.389
11/29/2013,19:00,-0.393
11/29/2013,19:30,-0.396
11/29/2013,20:00,-0.401
11/29/2013,20:30,-0.402
11/29/2013,21:00,-0.407
11/29/2013,21:30,-0.408
11/29/2013,22:00,-0.412
11/29/2013,22:30,-0.398
11/29/2013,23:00,-0.067
11/29/2013,23:30,0.059
11/30/2013,00:00,0.173
11/30/2013,00:30,0.223
11/30/2013,01:00,0.166
11/30/2013,01:30,0.055
11/30/2013,02:00,-0.055
11/30/2013,02:30,-0.207
11/30/2013,03:00,-0.225
11/30/2013,03:30,-0.241
11/30/2013,04:00,-0.25
11/30/2013,04:30,-0.256
11/30/2013,05:00,-0.267
11/30/2013,05:30,-0.269
11/30/2013,06:00,-0.273
11/30/2013,06:30,-0.28
11/30/2013,07:00,-0.29
11/30/2013,07:30,-0.294
11/30/2013,08:00,-0.297
11/30/2013,08:30,-0.301
11/30/2013,09:00,-0.303
11/30/2013,09:30,-0.303
11/30/2013,10:00,-0.309
11/30/2013,10:30,-0.304
11/30/2013,11:00,-0.172
11/30/2013,11:30,-0.087
11/30/2013,12:00,-0.085
11/30/2013,12:30,-0.176
11/30/2013,13:00,-0.24
11/30/2013,13:30,-0.246
11/30/2013,14:00,-0.262
11/30/2013,14:30,-0.271
11/30/2013,15:00,-0.284
11/30/2013,15:30,-0.293
11/30/2013,16:00,-0.298
11/30/2013,16:30,-0.303
11/30/2013,17:00,-0.312
11/30/2013,17:30,-0.32
11/30/2013,18:00,-0.328
11/30/2013,18:30,-0.336
11/30/2013,19:00,-0.34
11/30/2013,19:30,-0.342
11/30/2013,20:00,-0.349
11/30/2013,20:30,-0.35
11/30/2013,21:00,-0.35
11/30/2013,21:30,-0.355
11/30/2013,22:00,-0.357
11/30/2013,22:30,-0.36
11/30/2013,23:00,-0.358
11/30/2013,23:30,-0.02
12/01/2013,00:00,0.196
12/01/2013,00:30,0.426
12/01/2013,01:00,0.537
12/01/2013,01:30,0.471
12/01/2013,02:00,0.315
12/01/2013,02:30,0.167
12/01/2013,03:00,0.014
12/01/2013,03:30,-0.113
12/01/2013,04:00,-0.237
12/01/2013,04:30,-0.239
12/01/2013,05:00,-0.235
12/01/2013,05:30,-0.241
12/01/2013,06:00,-0.248
12/01/2013,06:30,-0.248
12/01/2013,07:00,-0.253
12/01/2013,07:30,-0.256
12/01/2013,08:00,-0.259
12/01/2013,08:30,-0.265
12/01/2013,09:00,-0.273
12/01/2013,09:30,-0.275
12/01/2013,10:00,-0.281
12/01/2013,10:30,-0.286
12/01/2013,11:00,-0.287
12/01/2013,11:30,-0.177
12/01/2013,12:00,-0.067
12/01/2013,12:30,0.001
12/01/2013,13:00,-0.048
12/01/2013,13:30,-0.187
12/01/2013,14:00,-0.233
12/01/2013,14:30,-0.233
12/01/2013,15:00,-0.244
12/01/2013,15:30,-0.255
12/01/2013,16:00,-0.261
12/01/2013,16:30,-0.267
12/01/2013,17:00,-0.276
12/01/2013,17:30,-0.284
12/01/2013,18:00,-0.289
12/01/2013,18:30,-0.294
12/01/2013,19:00,-0.299
12/01/2013,19:30,-0.306
12/01/2013,20:00,-0.311
12/01/2013,20:30,-0.317
12/01/2013,21:00,-0.324
12/01/2013,21:30,-0.327
12/01/2013,22:00,-0.333
12/01/2013,22:30,-0.338
12/01/2013,23:00,-0.34
12/01/2013,23:30,-0.342
12/02/2013,00:00,-0.005
12/02/2013,00:30,0.253
12/02/2013,01:00,0.515
12/02/2013,01:30,0.676
12/02/2013,02:00,0.681
12/02/2013,02:30,0.538
12/02/2013,03:00,0.362
12/02/2013,03:30,0.186
12/02/2013,04:00,0.02
12/02/2013,04:30,-0.116
12/02/2013,05:00,-0.255
12/02/2013,05:30,-0.253
12/02/2013,06:00,-0.257
12/02/2013,06:30,-0.258
12/02/2013,07:00,-0.263
12/02/2013,07:30,-0.268
12/02/2013,08:00,-0.266
12/02/2013,08:30,-0.274
12/02/2013,09:00,-0.277
12/02/2013,09:30,-0.28
12/02/2013,10:00,-0.283
12/02/2013,10:30,-0.288
12/02/2013,11:00,-0.295
12/02/2013,11:30,-0.301
12/02/2013,12:00,-0.184
12/02/2013,12:30,-0.073
12/02/2013,13:00,0.013
12/02/2013,13:30,0.002
12/02/2013,14:00,-0.097
12/02/2013,14:30,-0.26
12/02/2013,15:00,-0.277
12/02/2013,15:30,-0.279
12/02/2013,16:00,-0.285
12/02/2013,16:30,-0.295
12/02/2013,17:00,-0.301
12/02/2013,17:30,-0.307
12/02/2013,18:00,-0.316
12/02/2013,18:30,-0.322
12/02/2013,19:00,-0.325
12/02/2013,19:30,-0.335
12/02/2013,20:00,-0.34
12/02/2013,20:30,-0.345
12/02/2013,21:00,-0.35
12/02/2013,21:30,-0.358
12/02/2013,22:00,-0.363
12/02/2013,22:30,-0.372
12/02/2013,23:00,-0.375
12/02/2013,23:30,-0.38
12/03/2013,00:00,-0.384
12/03/2013,00:30,-0.079
12/03/2013,01:00,0.201
12/03/2013,01:30,0.532
12/03/2013,02:00,0.771
12/03/2013,02:30,0.833
12/03/2013,03:00,0.729
12/03/2013,03:30,0.533
12/03/2013,04:00,0.34
12/03/2013,04:30,0.152
12/03/2013,05:00,-0.02
12/03/2013,05:30,-0.161
12/03/2013,06:00,-0.318
12/03/2013,06:30,-0.315
12/03/2013,07:00,-0.311
12/03/2013,07:30,-0.31
12/03/2013,08:00,-0.306
12/03/2013,08:30,-0.306
12/03/2013,09:00,-0.305
12/03/2013,09:30,-0.306
12/03/2013,10:00,-0.309
12/03/2013,10:30,-0.312
12/03/2013,11:00,-0.317
12/03/2013,11:30,-0.325
12/03/2013,12:00,-0.332
12/03/2013,12:30,-0.243
12/03/2013,13:00,-0.124
12/03/2013,13:30,-0.002
12/03/2013,14:00,0.057
12/03/2013,14:30,-0.005
12/03/2013,15:00,-0.14
12/03/2013,15:30,-0.299
12/03/2013,16:00,-0.342
12/03/2013,16:30,-0.344
12/03/2013,17:00,-0.341
12/03/2013,17:30,-0.347
12/03/2013,18:00,-0.352
12/03/2013,18:30,-0.355
12/03/2013,19:00,-0.356
12/03/2013,19:30,-0.358
12/03/2013,20:00,-0.362
12/03/2013,20:30,-0.364
12/03/2013,21:00,-0.367
12/03/2013,21:30,-0.368
12/03/2013,22:00,-0.369
12/03/2013,22:30,-0.369
12/03/2013,23:00,-0.372
12/03/2013,23:30,-0.377
12/04/2013,00:00,-0.382
12/04/2013,00:30,-0.385
12/04/2013,01:00,-0.187
12/04/2013,01:30,0.097
12/04/2013,02:00,0.454
12/04/2013,02:30,0.758
12/04/2013,03:00,0.886
12/04/2013,03:30,0.804
12/04/2013,04:00,0.634
12/04/2013,04:30,0.452
12/04/2013,05:00,0.273
12/04/2013,05:30,0.095
12/04/2013,06:00,-0.066
12/04/2013,06:30,-0.202
12/04/2013,07:00,-0.315
12/04/2013,07:30,-0.317
12/04/2013,08:00,-0.31
12/04/2013,08:30,-0.305
12/04/2013,09:00,-0.297
12/04/2013,09:30,-0.294
12/04/2013,10:00,-0.293
12/04/2013,10:30,-0.285
12/04/2013,11:00,-0.284
12/04/2013,11:30,-0.288
12/04/2013,12:00,-0.296
12/04/2013,12:30,-0.303
12/04/2013,13:00,-0.3
12/04/2013,13:30,-0.23
12/04/2013,14:00,-0.118
12/04/2013,14:30,-0.041
12/04/2013,15:00,-0.028
12/04/2013,15:30,-0.112
12/04/2013,16:00,-0.259
12/04/2013,16:30,-0.297
12/04/2013,17:00,-0.292
12/04/2013,17:30,-0.294
12/04/2013,18:00,-0.296
12/04/2013,18:30,-0.296
12/04/2013,19:00,-0.294
12/04/2013,19:30,-0.298
12/04/2013,20:00,-0.299
12/04/2013,20:30,-0.299
12/04/2013,21:00,-0.302
12/04/2013,21:30,-0.301
12/04/2013,22:00,-0.306
12/04/2013,22:30,-0.304
12/04/2013,23:00,-0.304
12/04/2013,23:30,-0.306
12/05/2013,00:00,-0.315
12/05/2013,00:30,-0.318
12/05/2013,01:00,-0.318
12/05/2013,01:30,-0.318
12/05/2013,02:00,-0.073
12/05/2013,02:30,0.196
12/05/2013,03:00,0.513
12/05/2013,03:30,0.754
12/05/2013,04:00,0.797
12/05/2013,04:30,0.678
12/05/2013,05:00,0.507
12/05/2013,05:30,0.337
12/05/2013,06:00,0.169
12/05/2013,06:30,0.018
12/05/2013,07:00,-0.119
12/05/2013,07:30,-0.263
12/05/2013,08:00,-0.261
12/05/2013,08:30,-0.26
12/05/2013,09:00,-0.254
12/05/2013,09:30,-0.25
12/05/2013,10:00,-0.248
12/05/2013,10:30,-0.248
12/05/2013,11:00,-0.25
12/05/2013,11:30,-0.256
12/05/2013,12:00,-0.261
12/05/2013,12:30,-0.268
12/05/2013,13:00,-0.275
12/05/2013,13:30,-0.279
12/05/2013,14:00,-0.28
12/05/2013,14:30,-0.267
12/05/2013,15:00,-0.184
12/05/2013,15:30,-0.152
12/05/2013,16:00,-0.195
12/05/2013,16:30,-0.257
12/05/2013,17:00,-0.255
12/05/2013,17:30,-0.254
12/05/2013,18:00,-0.256
12/05/2013,18:30,-0.261
12/05/2013,19:00,-0.266
12/05/2013,19:30,-0.268
12/05/2013,20:00,-0.271
12/05/2013,20:30,-0.272
12/05/2013,21:00,-0.274
12/05/2013,21:30,-0.277
12/05/2013,22:00,-0.279
12/05/2013,22:30,-0.282
12/05/2013,23:00,-0.284
12/05/2013,23:30,-0.284
12/06/2013,00:00,-0.287
12/06/2013,00:30,-0.288
12/06/2013,01:00,-0.291
12/06/2013,01:30,-0.296
12/06/2013,02:00,-0.299
12/06/2013,02:30,-0.296
12/06/2013,03:00,-0.048
12/06/2013,03:30,0.172
12/06/2013,04:00,0.411
12/06/2013,04:30,0.586
12/06/2013,05:00,0.617
12/06/2013,05:30,0.498
12/06/2013,06:00,0.34
12/06/2013,06:30,0.187
12/06/2013,07:00,0.044
12/06/2013,07:30,-0.087
12/06/2013,08:00,-0.211
12/06/2013,08:30,-0.209
12/06/2013,09:00,-0.207
12/06/2013,09:30,-0.207
12/06/2013,10:00,-0.209
12/06/2013,10:30,-0.218
12/06/2013,11:00,-0.223
12/06/2013,11:30,-0.229
12/06/2013,12:00,-0.24
12/06/2013,12:30,-0.248
12/06/2013,13:00,-0.258
12/06/2013,13:30,-0.269
12/06/2013,14:00,-0.278
12/06/2013,14:30,-0.282
12/06/2013,15:00,-0.287
12/06/2013,15:30,-0.286
12/06/2013,16:00,-0.271
12/06/2013,16:30,-0.256
12/06/2013,17:00,-0.262
12/06/2013,17:30,-0.271
12/06/2013,18:00,-0.278
12/06/2013,18:30,-0.283
12/06/2013,19:00,-0.289
12/06/2013,19:30,-0.293
12/06/2013,20:00,-0.299
12/06/2013,20:30,-0.299
12/06/2013,21:00,-0.304
12/06/2013,21:30,-0.308
12/06/2013,22:00,-0.31
12/06/2013,22:30,-0.315
12/06/2013,23:00,-0.317
12/06/2013,23:30,-0.321
12/07/2013,00:00,-0.326
12/07/2013,00:30,-0.329
12/07/2013,01:00,-0.333
12/07/2013,01:30,-0.336
12/07/2013,02:00,-0.337
12/07/2013,02:30,-0.34
12/07/2013,03:00,-0.341
12/07/2013,03:30,-0.334
12/07/2013,04:00,-0.06
12/07/2013,04:30,0.096
12/07/2013,05:00,0.263
12/07/2013,05:30,0.383
12/07/2013,06:00,0.383
12/07/2013,06:30,0.269
12/07/2013,07:00,0.13
12/07/2013,07:30,0.007
12/07/2013,08:00,-0.12
12/07/2013,08:30,-0.221
12/07/2013,09:00,-0.225
12/07/2013,09:30,-0.229
12/07/2013,10:00,-0.228
12/07/2013,10:30,-0.229
12/07/2013,11:00,-0.235
12/07/2013,11:30,-0.239
12/07/2013,12:00,-0.246
12/07/2013,12:30,-0.262
12/07/2013,13:00,-0.272
12/07/2013,13:30,-0.285
12/07/2013,14:00,-0.29
12/07/2013,14:30,-0.292
12/07/2013,15:00,-0.297
12/07/2013,15:30,-0.303
12/07/2013,16:00,-0.304
12/07/2013,16:30,-0.305
12/07/2013,17:00,-0.303
12/07/2013,17:30,-0.3
12/07/2013,18:00,-0.3
12/07/2013,18:30,-0.303
12/07/2013,19:00,-0.303
12/07/2013,19:30,-0.305
12/07/2013,20:00,-0.307
12/07/2013,20:30,-0.313
12/07/2013,21:00,-0.314
12/07/2013,21:30,-0.316
12/07/2013,22:00,-0.32
12/07/2013,22:30,-0.321
12/07/2013,23:00,-0.323
12/07/2013,23:30,-0.328
12/08/2013,00:00,-0.334
12/08/2013,00:30,-0.336
12/08/2013,01:00,-0.342
12/08/2013,01:30,-0.345
12/08/2013,02:00,-0.349
12/08/2013,02:30,-0.354
12/08/2013,03:00,-0.362
12/08/2013,03:30,-0.371
12/08/2013,04:00,-0.369
12/08/2013,04:30,-0.361
12/08/2013,05:00,-0.125
12/08/2013,05:30,0.009
12/08/2013,06:00,0.116
12/08/2013,06:30,0.169
12/08/2013,07:00,0.144
12/08/2013,07:30,0.062
12/08/2013,08:00,-0.033
12/08/2013,08:30,-0.156
12/08/2013,09:00,-0.215
12/08/2013,09:30,-0.213
12/08/2013,10:00,-0.215
12/08/2013,10:30,-0.223
12/08/2013,11:00,-0.23
12/08/2013,11:30,-0.239
12/08/2013,12:00,-0.25
12/08/2013,12:30,-0.257
12/08/2013,13:00,-0.274
12/08/2013,13:30,-0.286
12/08/2013,14:00,-0.291
12/08/2013,14:30,-0.299
12/08/2013,15:00,-0.306
12/08/2013,15:30,-0.314
12/08/2013,16:00,-0.316
12/08/2013,16:30,-0.322
12/08/2013,17:00,-0.328
12/08/2013,17:30,-0.328
12/08/2013,18:00,-0.33
12/08/2013,18:30,-0.329
12/08/2013,19:00,-0.327
12/08/2013,19:30,-0.322
12/08/2013,20:00,-0.323
12/08/2013,20:30,-0.324
12/08/2013,21:00,-0.325
12/08/2013,21:30,-0.332
12/08/2013,22:00,-0.333
12/08/2013,22:30,-0.34
12/08/2013,23:00,-0.342
12/08/2013,23:30,-0.346
12/09/2013,00:00,-0.349
12/09/2013,00:30,-0.352
12/09/2013,01:00,-0.355
12/09/2013,01:30,-0.358
12/09/2013,02:00,-0.361
12/09/2013,02:30,-0.366
12/09/2013,03:00,-0.364
12/09/2013,03:30,-0.365
12/09/2013,04:00,-0.366
12/09/2013,04:30,-0.366
12/09/2013,05:00,-0.367
12/09/2013,05:30,-0.366
12/09/2013,06:00,-0.357
12/09/2013,06:30,-0.198
12/09/2013,07:00,-0.124
12/09/2013,07:30,-0.085
12/09/2013,08:00,-0.145
12/09/2013,08:30,-0.191
12/09/2013,09:00,-0.192
12/09/2013,09:30,-0.199
12/09/2013,10:00,-0.206
12/09/2013,10:30,-0.214
12/09/2013,11:00,-0.224
12/09/2013,11:30,-0.234
12/09/2013,12:00,-0.248
12/09/2013,12:30,-0.259
12/09/2013,13:00,-0.269
12/09/2013,13:30,-0.281
12/09/2013,14:00,-0.289
12/09/2013,14:30,-0.298
12/09/2013,15:00,-0.307
12/09/2013,15:30,-0.315
12/09/2013,16:00,-0.319
12/09/2013,16:30,-0.324
12/09/2013,17:00,-0.326
12/09/2013,17:30,-0.33
12/09/2013,18:00,-0.334
12/09/2013,18:30,-0.338
12/09/2013,19:00,-0.338
12/09/2013,19:30,-0.339
12/09/2013,20:00,-0.339
12/09/2013,20:30,-0.339
12/09/2013,21:00,-0.338
12/09/2013,21:30,-0.338
12/09/2013,22:00,-0.339
12/09/2013,22:30,-0.342
12/09/2013,23:00,-0.345
12/09/2013,23:30,-0.35
12/10/2013,00:00,-0.356
12/10/2013,00:30,-0.361
12/10/2013,01:00,-0.366
12/10/2013,01:30,-0.371
12/10/2013,02:00,-0.377
12/10/2013,02:30,-0.384
12/10/2013,03:00,-0.386
12/10/2013,03:30,-0.388
12/10/2013,04:00,-0.391
12/10/2013,04:30,-0.396
12/10/2013,05:00,-0.401
12/10/2013,05:30,-0.404
12/10/2013,06:00,-0.403
12/10/2013,06:30,-0.402
12/10/2013,07:00,-0.398
12/10/2013,07:30,-0.394
12/10/2013,08:00,-0.384
12/10/2013,08:30,-0.378
12/10/2013,09:00,-0.369
12/10/2013,09:30,-0.365
12/10/2013,10:00,-0.362
12/10/2013,10:30,-0.368
12/10/2013,11:00,-0.378
12/10/2013,11:30,-0.391
12/10/2013,12:00,-0.4
12/10/2013,12:30,-0.41
12/10/2013,13:00,-0.419
12/10/2013,13:30,-0.426
12/10/2013,14:00,-0.434
12/10/2013,14:30,-0.442
12/10/2013,15:00,-0.446
12/10/2013,15:30,-0.451
12/10/2013,16:00,-0.454
12/10/2013,16:30,-0.46
12/10/2013,17:00,-0.459
12/10/2013,17:30,-0.459
12/10/2013,18:00,-0.46
12/10/2013,18:30,-0.463
12/10/2013,19:00,-0.46
12/10/2013,19:30,-0.462
12/10/2013,20:00,-0.463
12/10/2013,20:30,-0.462
12/10/2013,21:00,-0.459
12/10/2013,21:30,-0.452
12/10/2013,22:00,-0.44
12/10/2013,22:30,-0.433
12/10/2013,23:00,-0.428
12/10/2013,23:30,-0.427
12/11/2013,00:00,-0.432
12/11/2013,00:30,-0.438
12/11/2013,01:00,-0.444
12/11/2013,01:30,-0.45
12/11/2013,02:00,-0.456
12/11/2013,02:30,-0.461
12/11/2013,03:00,-0.465
12/11/2013,03:30,-0.469
12/11/2013,04:00,-0.468
12/11/2013,04:30,-0.472
12/11/2013,05:00,-0.474
12/11/2013,05:30,-0.47
12/11/2013,06:00,-0.469
12/11/2013,06:30,-0.467
12/11/2013,07:00,-0.465
12/11/2013,07:30,-0.462
12/11/2013,08:00,-0.459
12/11/2013,08:30,-0.452
12/11/2013,09:00,-0.44
12/11/2013,09:30,-0.427
12/11/2013,10:00,-0.421
12/11/2013,10:30,-0.416
12/11/2013,11:00,-0.416
12/11/2013,11:30,-0.417
12/11/2013,12:00,-0.427
12/11/2013,12:30,-0.434
12/11/2013,13:00,-0.445
12/11/2013,13:30,-0.456
12/11/2013,14:00,-0.464
12/11/2013,14:30,-0.468
12/11/2013,15:00,-0.475
12/11/2013,15:30,-0.475
12/11/2013,16:00,-0.476
12/11/2013,16:30,-0.48
12/11/2013,17:00,-0.48
12/11/2013,17:30,-0.479
12/11/2013,18:00,-0.478
12/11/2013,18:30,-0.479
12/11/2013,19:00,-0.476
12/11/2013,19:30,-0.476
12/11/2013,20:00,-0.475
12/11/2013,20:30,-0.478
12/11/2013,21:00,-0.476
12/11/2013,21:30,-0.473
12/11/2013,22:00,-0.466
12/11/2013,22:30,-0.417
12/11/2013,23:00,-0.12
12/11/2013,23:30,-0.102
12/12/2013,00:00,-0.154
12/12/2013,00:30,-0.202
12/12/2013,01:00,-0.229
12/12/2013,01:30,-0.252
12/12/2013,02:00,-0.262
12/12/2013,02:30,-0.281
12/12/2013,03:00,-0.293
12/12/2013,03:30,-0.304
12/12/2013,04:00,-0.314
12/12/2013,04:30,-0.324
12/12/2013,05:00,-0.334
12/12/2013,05:30,-0.342
12/12/2013,06:00,-0.347
12/12/2013,06:30,-0.351
12/12/2013,07:00,-0.357
12/12/2013,07:30,-0.363
12/12/2013,08:00,-0.365
12/12/2013,08:30,-0.366
12/12/2013,09:00,-0.366
12/12/2013,09:30,-0.367
12/12/2013,10:00,-0.367
12/12/2013,10:30,-0.361
12/12/2013,11:00,-0.36
12/12/2013,11:30,-0.364
12/12/2013,12:00,-0.367
12/12/2013,12:30,-0.378
12/12/2013,13:00,-0.39
12/12/2013,13:30,-0.401
12/12/2013,14:00,-0.409
12/12/2013,14:30,-0.417
12/12/2013,15:00,-0.424
12/12/2013,15:30,-0.434
12/12/2013,16:00,-0.436
12/12/2013,16:30,-0.441
12/12/2013,17:00,-0.444
12/12/2013,17:30,-0.446
12/12/2013,18:00,-0.451
12/12/2013,18:30,-0.452
12/12/2013,19:00,-0.454
12/12/2013,19:30,-0.458
12/12/2013,20:00,-0.459
12/12/2013,20:30,-0.462
12/12/2013,21:00,-0.46
12/12/2013,21:30,-0.463
12/12/2013,22:00,-0.46
12/12/2013,22:30,-0.454
12/12/2013,23:00,-0.125
12/12/2013,23:30,-0.029
12/13/2013,00:00,0.046
12/13/2013,00:30,0.069
12/13/2013,01:00,0.004
12/13/2013,01:30,-0.084
12/13/2013,02:00,-0.214
12/13/2013,02:30,-0.217
12/13/2013,03:00,-0.219
12/13/2013,03:30,-0.232
12/13/2013,04:00,-0.243
12/13/2013,04:30,-0.25
12/13/2013,05:00,-0.261
12/13/2013,05:30,-0.27
12/13/2013,06:00,-0.274
12/13/2013,06:30,-0.277
12/13/2013,07:00,-0.28
12/13/2013,07:30,-0.283
12/13/2013,08:00,-0.284
12/13/2013,08:30,-0.289
12/13/2013,09:00,-0.294
12/13/2013,09:30,-0.295
12/13/2013,10:00,-0.298
12/13/2013,10:30,-0.301
12/13/2013,11:00,-0.301
12/13/2013,11:30,-0.3
12/13/2013,12:00,-0.305
12/13/2013,12:30,-0.311
12/13/2013,13:00,-0.325
12/13/2013,13:30,-0.333
12/13/2013,14:00,-0.342
12/13/2013,14:30,-0.354
12/13/2013,15:00,-0.362
12/13/2013,15:30,-0.369
12/13/2013,16:00,-0.376
12/13/2013,16:30,-0.382
12/13/2013,17:00,-0.386
12/13/2013,17:30,-0.388
12/13/2013,18:00,-0.394
12/13/2013,18:30,-0.396
12/13/2013,19:00,-0.399
12/13/2013,19:30,-0.402
12/13/2013,20:00,-0.403
12/13/2013,20:30,-0.407
12/13/2013,21:00,-0.407
12/13/2013,21:30,-0.41
12/13/2013,22:00,-0.409
12/13/2013,22:30,-0.409
12/13/2013,23:00,-0.403
12/13/2013,23:30,-0.091
12/14/2013,00:00,0.035
12/14/2013,00:30,0.144
12/14/2013,01:00,0.191
12/14/2013,01:30,0.136
12/14/2013,02:00,0.037
12/14/2013,02:30,-0.063
12/14/2013,03:00,-0.21
12/14/2013,03:30,-0.214
12/14/2013,04:00,-0.217
12/14/2013,04:30,-0.227
12/14/2013,05:00,-0.241
12/14/2013,05:30,-0.249
12/14/2013,06:00,-0.253
12/14/2013,06:30,-0.254
12/14/2013,07:00,-0.256
12/14/2013,07:30,-0.257
12/14/2013,08:00,-0.26
12/14/2013,08:30,-0.264
12/14/2013,09:00,-0.267
12/14/2013,09:30,-0.271
12/14/2013,10:00,-0.275
12/14/2013,10:30,-0.282
12/14/2013,11:00,-0.288
12/14/2013,11:30,-0.292
12/14/2013,12:00,-0.294
12/14/2013,12:30,-0.3
12/14/2013,13:00,-0.306
12/14/2013,13:30,-0.319
12/14/2013,14:00,-0.329
12/14/2013,14:30,-0.341
12/14/2013,15:00,-0.35
12/14/2013,15:30,-0.358
12/14/2013,16:00,-0.364
12/14/2013,16:30,-0.369
12/14/2013,17:00,-0.374
12/14/2013,17:30,-0.378
12/14/2013,18:00,-0.382
12/14/2013,18:30,-0.382
12/14/2013,19:00,-0.385
12/14/2013,19:30,-0.389
12/14/2013,20:00,-0.394
12/14/2013,20:30,-0.394
12/14/2013,21:00,-0.396
12/14/2013,21:30,-0.402
12/14/2013,22:00,-0.405
12/14/2013,22:30,-0.405
12/14/2013,23:00,-0.408
12/14/2013,23:30,-0.41
12/15/2013,00:00,-0.087
12/15/2013,00:30,0.051
12/15/2013,01:00,0.187
12/15/2013,01:30,0.268
12/15/2013,02:00,0.225
12/15/2013,02:30,0.108
12/15/2013,03:00,-0.007
12/15/2013,03:30,-0.139
12/15/2013,04:00,-0.234
12/15/2013,04:30,-0.23
12/15/2013,05:00,-0.237
12/15/2013,05:30,-0.245
12/15/2013,06:00,-0.253
12/15/2013,06:30,-0.258
12/15/2013,07:00,-0.262
12/15/2013,07:30,-0.267
12/15/2013,08:00,-0.269
12/15/2013,08:30,-0.271
12/15/2013,09:00,-0.275
12/15/2013,09:30,-0.276
12/15/2013,10:00,-0.281
12/15/2013,10:30,-0.288
12/15/2013,11:00,-0.294
12/15/2013,11:30,-0.3
12/15/2013,12:00,-0.3
12/15/2013,12:30,-0.298
12/15/2013,13:00,-0.296
12/15/2013,13:30,-0.305
12/15/2013,14:00,-0.316
12/15/2013,14:30,-0.325
12/15/2013,15:00,-0.333
12/15/2013,15:30,-0.342
12/15/2013,16:00,-0.349
12/15/2013,16:30,-0.357
12/15/2013,17:00,-0.361
12/15/2013,17:30,-0.367
12/15/2013,18:00,-0.37
12/15/2013,18:30,-0.373
12/15/2013,19:00,-0.374
12/15/2013,19:30,-0.378
12/15/2013,20:00,-0.378
12/15/2013,20:30,-0.38
12/15/2013,21:00,-0.383
12/15/2013,21:30,-0.386
12/15/2013,22:00,-0.391
12/15/2013,22:30,-0.395
12/15/2013,23:00,-0.398
12/15/2013,23:30,-0.401
12/16/2013,00:00,-0.397
12/16/2013,00:30,-0.069
12/16/2013,01:00,0.083
12/16/2013,01:30,0.235
12/16/2013,02:00,0.337
12/16/2013,02:30,0.314
12/16/2013,03:00,0.193
12/16/2013,03:30,0.065
12/16/2013,04:00,-0.054
12/16/2013,04:30,-0.217
12/16/2013,05:00,-0.22
12/16/2013,05:30,-0.228
12/16/2013,06:00,-0.235
12/16/2013,06:30,-0.24
12/16/2013,07:00,-0.247
12/16/2013,07:30,-0.248
12/16/2013,08:00,-0.252
12/16/2013,08:30,-0.254
12/16/2013,09:00,-0.253
12/16/2013,09:30,-0.258
12/16/2013,10:00,-0.261
12/16/2013,10:30,-0.267
12/16/2013,11:00,-0.273
12/16/2013,11:30,-0.281
12/16/2013,12:00,-0.286
12/16/2013,12:30,-0.291
12/16/2013,13:00,-0.292
12/16/2013,13:30,-0.292
12/16/2013,14:00,-0.301
12/16/2013,14:30,-0.308
12/16/2013,15:00,-0.315
12/16/2013,15:30,-0.321
12/16/2013,16:00,-0.325
12/16/2013,16:30,-0.333
12/16/2013,17:00,-0.337
12/16/2013,17:30,-0.343
12/16/2013,18:00,-0.344
12/16/2013,18:30,-0.348
12/16/2013,19:00,-0.351
12/16/2013,19:30,-0.354
12/16/2013,20:00,-0.356
12/16/2013,20:30,-0.358
12/16/2013,21:00,-0.363
12/16/2013,21:30,-0.366
12/16/2013,22:00,-0.365
12/16/2013,22:30,-0.368
12/16/2013,23:00,-0.374
12/16/2013,23:30,-0.376
12/17/2013,00:00,-0.382
12/17/2013,00:30,-0.38
12/17/2013,01:00,-0.033
12/17/2013,01:30,0.127
12/17/2013,02:00,0.285
12/17/2013,02:30,0.376
12/17/2013,03:00,0.33
12/17/2013,03:30,0.213
12/17/2013,04:00,0.085
12/17/2013,04:30,-0.036
12/17/2013,05:00,-0.195
12/17/2013,05:30,-0.211
12/17/2013,06:00,-0.216
12/17/2013,06:30,-0.225
12/17/2013,07:00,-0.231
12/17/2013,07:30,-0.236
12/17/2013,08:00,-0.238
12/17/2013,08:30,-0.243
12/17/2013,09:00,-0.247
12/17/2013,09:30,-0.25
12/17/2013,10:00,-0.253
12/17/2013,10:30,-0.262
12/17/2013,11:00,-0.273
12/17/2013,11:30,-0.281
12/17/2013,12:00,-0.291
12/17/2013,12:30,-0.299
12/17/2013,13:00,-0.303
12/17/2013,13:30,-0.305
12/17/2013,14:00,-0.307
12/17/2013,14:30,-0.313
12/17/2013,15:00,-0.32
12/17/2013,15:30,-0.329
12/17/2013,16:00,-0.337
12/17/2013,16:30,-0.343
12/17/2013,17:00,-0.345
12/17/2013,17:30,-0.354
12/17/2013,18:00,-0.355
12/17/2013,18:30,-0.359
12/17/2013,19:00,-0.362
12/17/2013,19:30,-0.367
12/17/2013,20:00,-0.372
12/17/2013,20:30,-0.374
12/17/2013,21:00,-0.378
12/17/2013,21:30,-0.384
12/17/2013,22:00,-0.386
12/17/2013,22:30,-0.392
12/17/2013,23:00,-0.398
12/17/2013,23:30,-0.404
12/18/2013,00:00,-0.409
12/18/2013,00:30,-0.414
12/18/2013,01:00,-0.331
12/18/2013,01:30,-0.025
12/18/2013,02:00,0.152
12/18/2013,02:30,0.312
12/18/2013,03:00,0.375
12/18/2013,03:30,0.308
12/18/2013,04:00,0.176
12/18/2013,04:30,0.043
12/18/2013,05:00,-0.078
12/18/2013,05:30,-0.24
12/18/2013,06:00,-0.255
12/18/2013,06:30,-0.258
12/18/2013,07:00,-0.265
12/18/2013,07:30,-0.273
12/18/2013,08:00,-0.277
12/18/2013,08:30,-0.28
12/18/2013,09:00,-0.282
12/18/2013,09:30,-0.284
12/18/2013,10:00,-0.286
12/18/2013,10:30,-0.292
12/18/2013,11:00,-0.302
12/18/2013,11:30,-0.313
12/18/2013,12:00,-0.323
12/18/2013,12:30,-0.332
12/18/2013,13:00,-0.342
12/18/2013,13:30,-0.347
12/18/2013,14:00,-0.344
12/18/2013,14:30,-0.339
12/18/2013,15:00,-0.354
12/18/2013,15:30,-0.354
12/18/2013,16:00,-0.365
12/18/2013,16:30,-0.371
12/18/2013,17:00,-0.379
12/18/2013,17:30,-0.383
12/18/2013,18:00,-0.389
12/18/2013,18:30,-0.397
12/18/2013,19:00,-0.402
12/18/2013,19:30,-0.403
12/18/2013,20:00,-0.409
12/18/2013,20:30,-0.418
12/18/2013,21:00,-0.424
12/18/2013,21:30,-0.429
12/18/2013,22:00,-0.43
12/18/2013,22:30,-0.432
12/18/2013,23:00,-0.437
12/18/2013,23:30,-0.438
12/19/2013,00:00,-0.445
12/19/2013,00:30,-0.453
12/19/2013,01:00,-0.45
12/19/2013,01:30,-0.204
12/19/2013,02:00,-0.035
12/19/2013,02:30,0.134
12/19/2013,03:00,0.274
12/19/2013,03:30,0.319
12/19/2013,04:00,0.243
12/19/2013,04:30,0.126
12/19/2013,05:00,0.009
12/19/2013,05:30,-0.105
12/19/2013,06:00,-0.255
12/19/2013,06:30,-0.288
12/19/2013,07:00,-0.293
12/19/2013,07:30,-0.298
12/19/2013,08:00,-0.304
12/19/2013,08:30,-0.313
12/19/2013,09:00,-0.313
12/19/2013,09:30,-0.318
12/19/2013,10:00,-0.321
12/19/2013,10:30,-0.327
12/19/2013,11:00,-0.336
12/19/2013,11:30,-0.346
12/19/2013,12:00,-0.355
12/19/2013,12:30,-0.367
12/19/2013,13:00,-0.378
12/19/2013,13:30,-0.383
12/19/2013,14:00,-0.383
12/19/2013,14:30,-0.376
12/19/2013,15:00,-0.383
12/19/2013,15:30,-0.393
12/19/2013,16:00,-0.397
12/19/2013,16:30,-0.405
12/19/2013,17:00,-0.411
12/19/2013,17:30,-0.419
12/19/2013,18:00,-0.425
12/19/2013,18:30,-0.428
12/19/2013,19:00,-0.434
12/19/2013,19:30,-0.438
12/19/2013,20:00,-0.442
12/19/2013,20:30,-0.45
12/19/2013,21:00,-0.456
12/19/2013,21:30,-0.461
12/19/2013,22:00,-0.467
12/19/2013,22:30,-0.468
12/19/2013,23:00,-0.472
12/19/2013,23:30,-0.478
12/20/2013,00:00,-0.484
12/20/2013,00:30,-0.493
12/20/2013,01:00,-0.496
12/20/2013,01:30,-0.497
12/20/2013,02:00,-0.215
12/20/2013,02:30,-0.055
12/20/2013,03:00,0.121
12/20/2013,03:30,0.27
12/20/2013,04:00,0.311
12/20/2013,04:30,0.229
12/20/2013,05:00,0.109
12/20/2013,05:30,-0.024
12/20/2013,06:00,-0.128
12/20/2013,06:30,-0.272
12/20/2013,07:00,-0.31
12/20/2013,07:30,-0.318
12/20/2013,08:00,-0.327
12/20/2013,08:30,-0.332
12/20/2013,09:00,-0.334
12/20/2013,09:30,-0.339
12/20/2013,10:00,-0.332
12/20/2013,10:30,-0.344
12/20/2013,11:00,-0.349
12/20/2013,11:30,-0.356
12/20/2013,12:00,-0.362
12/20/2013,12:30,-0.373
12/20/2013,13:00,-0.382
12/20/2013,13:30,-0.39
12/20/2013,14:00,-0.393
12/20/2013,14:30,-0.394
12/20/2013,15:00,-0.393
12/20/2013,15:30,-0.388
12/20/2013,16:00,-0.389
12/20/2013,16:30,-0.391
12/20/2013,17:00,-0.392
12/20/2013,17:30,-0.395
12/20/2013,18:00,-0.394
12/20/2013,18:30,-0.396
12/20/2013,19:00,-0.401
12/20/2013,19:30,-0.401
12/20/2013,20:00,-0.406
12/20/2013,20:30,-0.408
12/20/2013,21:00,-0.408
12/20/2013,21:30,-0.409
12/20/2013,22:00,-0.409
12/20/2013,22:30,-0.414
12/20/2013,23:00,-0.414
12/20/2013,23:30,-0.418
12/21/2013,00:00,-0.424
12/21/2013,00:30,-0.425
12/21/2013,01:00,-0.432
12/21/2013,01:30,-0.432
12/21/2013,02:00,-0.433
12/21/2013,02:30,-0.408
12/21/2013,03:00,-0.102
12/21/2013,03:30,0.012
12/21/2013,04:00,0.116
12/21/2013,04:30,0.172
12/21/2013,05:00,0.108
12/21/2013,05:30,-0.01
12/21/2013,06:00,-0.124
12/21/2013,06:30,-0.248
12/21/2013,07:00,-0.255
12/21/2013,07:30,-0.267
12/21/2013,08:00,-0.276
12/21/2013,08:30,-0.278
12/21/2013,09:00,-0.281
12/21/2013,09:30,-0.284
12/21/2013,10:00,-0.287
12/21/2013,10:30,-0.289
12/21/2013,11:00,-0.295
12/21/2013,11:30,-0.303
12/21/2013,12:00,-0.314
12/21/2013,12:30,-0.325
12/21/2013,13:00,-0.338
12/21/2013,13:30,-0.344
12/21/2013,14:00,-0.352
12/21/2013,14:30,-0.354
12/21/2013,15:00,-0.357
12/21/2013,15:30,-0.359
12/21/2013,16:00,-0.36
12/21/2013,16:30,-0.36
12/21/2013,17:00,-0.364
12/21/2013,17:30,-0.371
12/21/2013,18:00,-0.372
12/21/2013,18:30,-0.37
12/21/2013,19:00,-0.37
12/21/2013,19:30,-0.373
12/21/2013,20:00,-0.374
12/21/2013,20:30,-0.38
12/21/2013,21:00,-0.38
12/21/2013,21:30,-0.381
12/21/2013,22:00,-0.386
12/21/2013,22:30,-0.387
12/21/2013,23:00,-0.39
12/21/2013,23:30,-0.392
12/22/2013,00:00,-0.393
12/22/2013,00:30,-0.398
12/22/2013,01:00,-0.403
12/22/2013,01:30,-0.403
12/22/2013,02:00,-0.406
12/22/2013,02:30,-0.403
12/22/2013,03:00,-0.375
12/22/2013,03:30,-0.091
12/22/2013,04:00,-0.012
12/22/2013,04:30,0.057
12/22/2013,05:00,0.071
12/22/2013,05:30,0.023
12/22/2013,06:00,-0.073
12/22/2013,06:30,-0.187
12/22/2013,07:00,-0.197
12/22/2013,07:30,-0.208
12/22/2013,08:00,-0.212
12/22/2013,08:30,-0.215
12/22/2013,09:00,-0.221
12/22/2013,09:30,-0.224
12/22/2013,10:00,-0.228
12/22/2013,10:30,-0.234
12/22/2013,11:00,-0.237
12/22/2013,11:30,-0.248
12/22/2013,12:00,-0.257
12/22/2013,12:30,-0.267
12/22/2013,13:00,-0.28
12/22/2013,13:30,-0.287
12/22/2013,14:00,-0.296
12/22/2013,14:30,-0.303
12/22/2013,15:00,-0.306
12/22/2013,15:30,-0.307
12/22/2013,16:00,-0.31
12/22/2013,16:30,-0.311
12/22/2013,17:00,-0.312
12/22/2013,17:30,-0.316
12/22/2013,18:00,-0.321
12/22/2013,18:30,-0.324
12/22/2013,19:00,-0.328
12/22/2013,19:30,-0.332
12/22/2013,20:00,-0.333
12/22/2013,20:30,-0.334
12/22/2013,21:00,-0.336
12/22/2013,21:30,-0.341
12/22/2013,22:00,-0.346
12/22/2013,22:30,-0.351
12/22/2013,23:00,-0.354
12/22/2013,23:30,-0.358
12/23/2013,00:00,-0.364
12/23/2013,00:30,-0.368
12/23/2013,01:00,-0.374
12/23/2013,01:30,-0.376
12/23/2013,02:00,-0.381
12/23/2013,02:30,-0.385
12/23/2013,03:00,-0.386
12/23/2013,03:30,-0.382
12/23/2013,04:00,-0.358
12/23/2013,04:30,-0.114
12/23/2013,05:00,-0.058
12/23/2013,05:30,-0.061
12/23/2013,06:00,-0.135
12/23/2013,06:30,-0.172
12/23/2013,07:00,-0.191
12/23/2013,07:30,-0.202
12/23/2013,08:00,-0.206
12/23/2013,08:30,-0.212
12/23/2013,09:00,-0.218
12/23/2013,09:30,-0.223
12/23/2013,10:00,-0.23
12/23/2013,10:30,-0.238
12/23/2013,11:00,-0.249
12/23/2013,11:30,-0.259
12/23/2013,12:00,-0.27
12/23/2013,12:30,-0.282
12/23/2013,13:00,-0.295
12/23/2013,13:30,-0.306
12/23/2013,14:00,-0.316
12/23/2013,14:30,-0.327
12/23/2013,15:00,-0.333
12/23/2013,15:30,-0.34
12/23/2013,16:00,-0.345
12/23/2013,16:30,-0.354
12/23/2013,17:00,-0.357
12/23/2013,17:30,-0.36
12/23/2013,18:00,-0.363
12/23/2013,18:30,-0.364
12/23/2013,19:00,-0.368
12/23/2013,19:30,-0.368
12/23/2013,20:00,-0.37
12/23/2013,20:30,-0.375
12/23/2013,21:00,-0.379
12/23/2013,21:30,-0.384
12/23/2013,22:00,-0.386
12/23/2013,22:30,-0.389
12/23/2013,23:00,-0.393
12/23/2013,23:30,-0.396
12/24/2013,00:00,-0.399
12/24/2013,00:30,-0.404
12/24/2013,01:00,-0.408
12/24/2013,01:30,-0.413
12/24/2013,02:00,-0.413
12/24/2013,02:30,-0.416
12/24/2013,03:00,-0.418
12/24/2013,03:30,-0.418
12/24/2013,04:00,-0.415
12/24/2013,04:30,-0.413
12/24/2013,05:00,-0.391
12/24/2013,05:30,-0.356
12/24/2013,06:00,-0.315
12/24/2013,06:30,-0.309
12/24/2013,07:00,-0.317
12/24/2013,07:30,-0.326
12/24/2013,08:00,-0.333
12/24/2013,08:30,-0.341
12/24/2013,09:00,-0.348
12/24/2013,09:30,-0.356
12/24/2013,10:00,-0.362
12/24/2013,10:30,-0.37
12/24/2013,11:00,-0.381
12/24/2013,11:30,-0.391
12/24/2013,12:00,-0.403
12/24/2013,12:30,-0.414
12/24/2013,13:00,-0.424
12/24/2013,13:30,-0.432
12/24/2013,14:00,-0.441
12/24/2013,14:30,-0.446
12/24/2013,15:00,-0.451
12/24/2013,15:30,-0.458
12/24/2013,16:00,-0.456
12/24/2013,16:30,-0.461
12/24/2013,17:00,-0.464
12/24/2013,17:30,-0.465
12/24/2013,18:00,-0.467
12/24/2013,18:30,-0.466
12/24/2013,19:00,-0.469
12/24/2013,19:30,-0.47
12/24/2013,20:00,-0.47
12/24/2013,20:30,-0.471
12/24/2013,21:00,-0.474
12/24/2013,21:30,-0.478
12/24/2013,22:00,-0.477
12/24/2013,22:30,-0.483
12/24/2013,23:00,-0.482
12/24/2013,23:30,-0.486
12/25/2013,00:00,-0.488
12/25/2013,00:30,-0.493
12/25/2013,01:00,-0.492
12/25/2013,01:30,-0.494
12/25/2013,02:00,-0.494
12/25/2013,02:30,-0.495
12/25/2013,03:00,-0.499
12/25/2013,03:30,-0.499
12/25/2013,04:00,-0.499
12/25/2013,04:30,-0.499
12/25/2013,05:00,-0.496
12/25/2013,05:30,-0.488
12/25/2013,06:00,-0.469
12/25/2013,06:30,-0.447
12/25/2013,07:00,-0.437
12/25/2013,07:30,-0.435
12/25/2013,08:00,-0.434
12/25/2013,08:30,-0.437
12/25/2013,09:00,-0.44
12/25/2013,09:30,-0.44
12/25/2013,10:00,-0.446
12/25/2013,10:30,-0.453
12/25/2013,11:00,-0.463
12/25/2013,11:30,-0.475
12/25/2013,12:00,-0.483
12/25/2013,12:30,-0.493
12/25/2013,13:00,-0.501
12/25/2013,13:30,-0.511
12/25/2013,14:00,-0.517
12/25/2013,14:30,-0.521
12/25/2013,15:00,-0.522
12/25/2013,15:30,-0.526
12/25/2013,16:00,-0.527
12/25/2013,16:30,-0.528
12/25/2013,17:00,-0.529
12/25/2013,17:30,-0.529
12/25/2013,18:00,-0.529
12/25/2013,18:30,-0.532
12/25/2013,19:00,-0.528
12/25/2013,19:30,-0.527
12/25/2013,20:00,-0.522
12/25/2013,20:30,-0.518
12/25/2013,21:00,-0.523
12/25/2013,21:30,-0.522
12/25/2013,22:00,-0.522
12/25/2013,22:30,-0.523
12/25/2013,23:00,-0.521
12/25/2013,23:30,-0.524
12/26/2013,00:00,-0.527
12/26/2013,00:30,-0.531
12/26/2013,01:00,-0.532
12/26/2013,01:30,-0.535
12/26/2013,02:00,-0.537
12/26/2013,02:30,-0.535
12/26/2013,03:00,-0.539
12/26/2013,03:30,-0.54
12/26/2013,04:00,-0.543
12/26/2013,04:30,-0.544
12/26/2013,05:00,-0.545
12/26/2013,05:30,-0.543
12/26/2013,06:00,-0.538
12/26/2013,06:30,-0.533
12/26/2013,07:00,-0.522
12/26/2013,07:30,-0.514
12/26/2013,08:00,-0.505
12/26/2013,08:30,-0.499
12/26/2013,09:00,-0.494
12/26/2013,09:30,-0.492
12/26/2013,10:00,-0.492
12/26/2013,10:30,-0.494
12/26/2013,11:00,-0.503
12/26/2013,11:30,-0.512
12/26/2013,12:00,-0.523
12/26/2013,12:30,-0.533
12/26/2013,13:00,-0.545
12/26/2013,13:30,-0.552
12/26/2013,14:00,-0.556
12/26/2013,14:30,-0.558
12/26/2013,15:00,-0.562
12/26/2013,15:30,-0.562
12/26/2013,16:00,-0.561
12/26/2013,16:30,-0.562
12/26/2013,17:00,-0.562
12/26/2013,17:30,-0.562
12/26/2013,18:00,-0.563
12/26/2013,18:30,-0.562
12/26/2013,19:00,-0.565
12/26/2013,19:30,-0.558
12/26/2013,20:00,-0.56
12/26/2013,20:30,-0.555
12/26/2013,21:00,-0.549
12/26/2013,21:30,-0.539
12/26/2013,22:00,-0.531
12/26/2013,22:30,-0.521
12/26/2013,23:00,-0.517
12/26/2013,23:30,-0.516
12/27/2013,00:00,-0.515
12/27/2013,00:30,-0.519
12/27/2013,01:00,-0.523
12/27/2013,01:30,-0.528
12/27/2013,02:00,-0.532
12/27/2013,02:30,-0.537
12/27/2013,03:00,-0.543
12/27/2013,03:30,-0.548
12/27/2013,04:00,-0.552
12/27/2013,04:30,-0.556
12/27/2013,05:00,-0.558
12/27/2013,05:30,-0.56
12/27/2013,06:00,-0.558
12/27/2013,06:30,-0.555
12/27/2013,07:00,-0.554
12/27/2013,07:30,-0.552
12/27/2013,08:00,-0.546
12/27/2013,08:30,-0.534
12/27/2013,09:00,-0.528
12/27/2013,09:30,-0.52
12/27/2013,10:00,-0.515
12/27/2013,10:30,-0.515
12/27/2013,11:00,-0.519
12/27/2013,11:30,-0.522
12/27/2013,12:00,-0.533
12/27/2013,12:30,-0.543
12/27/2013,13:00,-0.549
