  date, station, SHOWALTER, lifted index, LIFT, SWEAT, K index, TT, CAPE, CINS, RICH, TEMPK, PWATER 
  12:00 01 Jan 2015, 72440,  17.63,  29.09,  29.28,  106.99,  -5.50,  26.80q,  0.00,  0.00,  0.00,  261.85,  12.71
  00:00 02 Jan 2015,  72440,  12.81,  23.35,  23.58,  96.99,  16.70,  33.60,  0.00,  0.00,  0.00,  269.09,  21.55
  12:00 02 Jan 2015,  72440,  12.57,  23.25,  23.22,  137.32,  8.70,  33.00,  0.00,  0.00,  0.00,  271.76,  14.34
  00:00 03 Jan 2015,  72440,  7.69,  20.02,  20.29,  198.51,  24.40,  39.40,  0.00,  0.00,  927.14,  942.02,  0.00,  274.47,  25.03
  12:00 03 Jan 2015,  72440,  7.16,  18.62,  18.94,  252.44,  25.50,  38.90,  0.00,  0.00,  0.00,  276.26,  28.45
  00:00 04 Jan 2015,  72440,  12.67,  13.17,  13.10,  135.00,  -0.10,  33.80,  0.00,  0.00,  0.00,  276.92,  12.97
  12:00 04 Jan 2015,  72440,  15.00,  21.46,  21.52,  114.98,  2.60,  33.90,  0.00,  0.00,  0.00,  265.75,  8.71
  00:00 05 Jan 2015,  72440,  28.56,  33.12,  33.18,  140.00,  -31.30,  1.00,  0.00,  0.00,  0.00,  252.83,  4.28
  12:00 05 Jan 2015,  72440,  22.09,  37.69,  37.72,  119.00,  -10.10,  15.00,  0.00,  0.00,  0.00,  249.32,  6.18
  00:00 06 Jan 2015,  72440,  22.44,  31.27,  31.36,  302.37,  -16.50,  10.20,  0.00,  0.00,  0.00,  258.40,  8.12
  12:00 06 Jan 2015,  72440,  19.99,  29.92,  30.05,  163.99,  -8.10,  16.80,  0.00,  0.00,  0.00,  266.79,  12.15
  00:00 07 Jan 2015,  72440,  18.44,  31.23,  31.44,  119.00,  -1.30,  20.60,  0.00,  0.00,  0.00,  260.86,  12.47
  12:00 07 Jan 2015,  72440,  29.08,  33.77,  33.97,  142.99,  -12.20,  5.60,  0.00,  0.00,  0.00,  259.85,  12.64
  00:00 08 Jan 2015,  72440,  31.40,  37.00,  36.99,  143.98,  -72.10,  -8.60,  0.00,  0.00,  0.00,  247.70,  1.14
  12:00 08 Jan 2015,  72440,  26.84,  40.85,  41.04,  226.40,  -83.90,  -19.00,  0.00,  0.00,  0.00,  245.72,  2.29
  00:00 09 Jan 2015,  72440,  24.53,  29.57,  29.57,  131.99,  -11.50,  13.80,  0.00,  0.00,  0.00,  252.53,  8.81
  12:00 09 Jan 2015,  72440,  29.59,  32.80,  32.93,  169.02,  -39.10,  -11.00,  0.00,  0.00,  0.00,  257.28,  5.48
  00:00 10 Jan 2015,  72440,  21.76,  27.63,  27.62,  102.02,  -39.90,  8.60,  0.00,  0.00,  0.00,  252.15,  1.75
  12:00 10 Jan 2015,  72440,  24.51,  34.57,  34.64,  71.00,  -72.70,  -17.40,  0.00,  0.00,  0.00,  249.67,  1.84
  00:00 11 Jan 2015,  72440,  16.33,  27.23,  27.26,  197.50,  -5.90,  26.20,  0.00,  0.00,  0.00,  256.09,  8.86
  12:00 11 Jan 2015,  72440,  7.67,  26.51,  26.76,  158.22,  21.20,  40.60,  0.00,  0.00,  0.00,  260.41,  18.61
  00:00 12 Jan 2015,  72440,  3.68,  17.44,  17.63,  247.01,  28.20,  46.60,  0.00,  0.00,  0.00,  274.46,  21.92
  12:00 12 Jan 2015,  72440,  7.99,  18.80,  18.88,  83.19,  7.50,  41.80,  0.00,  0.00,  924.22,  929.75,  0.00,  272.47,  15.08
  00:00 13 Jan 2015,  72440,  19.43,  27.03,  27.04,  81.00,  -6.50,  19.00,  0.00,  0.00,  0.00,  263.33,  8.29
  12:00 13 Jan 2015,  72440,  20.93,  32.18,  32.33,  42.02,  -31.90,  0.00,  0.00,  0.00,  0.00,  252.67,  5.87
  00:00 14 Jan 2015,  72440,  18.52,  24.37,  24.47,  39.01,  -38.30,  -8.60,  0.00,  0.00,  0.00,  259.44,  7.99
  12:00 14 Jan 2015,  72440,  15.36,  24.04,  24.19,  59.98,  -19.70,  8.00,  0.00,  0.00,  0.00,  255.13,  9.47
  00:00 15 Jan 2015,  72440,  14.32,  20.69,  20.80,  65.00,  9.70,  32.00,  0.00,  0.00,  0.00,  260.41,  13.24
  12:00 15 Jan 2015,  72440,  7.59,  17.68,  17.76,  46.99,  19.00,  44.70,  0.00,  0.00,  0.00,  268.70,  13.97
  00:00 16 Jan 2015,  72440,  15.65,  19.04,  19.02,  85.00,  -8.10,  27.00,  0.00,  0.00,  0.00,  265.06,  6.93
  12:00 16 Jan 2015,  72440,  14.71,  17.63,  17.59,  73.02,  -5.70,  27.60,  0.00,  0.00,  0.00,  268.61,  7.81
  00:00 17 Jan 2015,  72440,  13.80,  13.89,  13.81,  183.38,  -12.50,  28.60,  0.00,  0.00,  0.00,  266.65,  6.81
  12:00 17 Jan 2015,  72440,  12.57,  15.57,  15.51,  154.36,  -17.70,  27.20,  0.00,  0.00,  0.00,  269.80,  6.40
  00:00 18 Jan 2015,  72440,  5.62,  6.14,  6.05,  108.00,  7.60,  46.90,  0.00,  0.00,  0.00,  269.73,  8.83
  12:00 18 Jan 2015,  72440,  12.98,  14.54,  14.52,  131.99,  -13.90,  29.60,  0.00,  0.00,  0.00,  260.38,  4.46
  00:00 19 Jan 2015,  72440,  12.98,  13.66,  13.69,  263.41,  -11.90,  29.40,  0.00,  0.00,  0.00,  261.17,  9.44
  12:00 19 Jan 2015,  72440,  11.62,  14.87,  14.81,  85.00,  0.30,  28.60,  0.00,  0.00,  0.00,  264.70,  9.64
  00:00 20 Jan 2015,  72440,  4.71,  7.26,  7.17,  89.01,  13.30,  45.20,  0.00,  0.00,  0.00,  266.44,  11.34
  12:00 20 Jan 2015,  72440,  10.39,  10.71,  10.75,  89.01,  4.50,  35.00,  0.00,  0.00,  0.00,  267.14,  9.32
  00:00 21 Jan 2015,  72440,  6.54,  5.96,  6.00,  89.01,  16.50,  46.00,  0.00,  0.00,  0.00,  273.22,  12.81
  12:00 21 Jan 2015,  72440,  10.41,  10.29,  10.26,  102.99,  -4.70,  37.80,  0.00,  0.00,  0.00,  269.13,  7.46
  00:00 22 Jan 2015,  72440,  13.75,  13.02,  13.12,  93.01,  -3.70,  32.20,  0.00,  0.00,  0.00,  264.24,  7.94
  12:00 22 Jan 2015,  72440,  15.76,  16.50,  16.64,  74.98,  0.10,  29.00,  0.00,  0.00,  0.00,  265.54,  10.06
  00:00 23 Jan 2015,  72440,  15.42,  16.01,  16.02,  44.99,  6.30,  31.20,  0.00,  0.00,  0.00,  268.56,  9.44
  12:00 23 Jan 2015,  72440,  15.72,  19.65,  19.68,  35.99,  -11.30,  26.00,  0.00,  0.00,  0.00,  267.97,  7.12
  00:00 24 Jan 2015,  72440,  14.68,  13.77,  13.79,  58.99,  -35.50,  24.40,  0.00,  0.00,  0.00,  266.56,  4.54
  12:00 24 Jan 2015,  72440,  14.06,  17.72,  17.69,  75.99,  -0.30,  25.80,  0.00,  0.00,  0.00,  263.54,  6.72
  00:00 25 Jan 2015,  72440,  11.51,  11.07,  11.05,  104.00,  -2.50,  33.80,  0.00,  0.00,  0.00,  269.94,  8.68
  12:00 25 Jan 2015,  72440,  2.29,  4.68,  4.69,  178.59,  27.40,  53.10,  0.00,  0.00,  0.00,  273.29,  15.77
  00:00 26 Jan 2015,  72440,  9.00,  9.70,  9.73,  109.01,  18.10,  44.00,  0.00,  0.00,  917.63,  926.55,  0.00,  273.41,  13.07
  12:00 26 Jan 2015,  72440,  16.51,  22.22,  22.30,  118.01,  0.50,  26.00,  0.00,  -1.98,  897.83,  899.33,  0.00,  270.16,  9.13
  00:00 27 Jan 2015,  72440,  11.30,  13.33,  13.30,  154.00,  11.10,  31.40,  0.00,  0.00,  0.00,  272.49,  13.33
  12:00 27 Jan 2015,  72440,  10.51,  16.88,  16.87,  146.02,  7.90,  34.40,  0.00,  0.00,  0.00,  271.22,  11.32
  00:00 28 Jan 2015,  72440,  10.21,  15.51,  15.44,  93.01,  7.50,  34.60,  0.00,  0.00,  0.00,  266.74,  11.80
  12:00 28 Jan 2015,  72440,  6.29,  14.30,  14.24,  93.01,  11.30,  40.80,  0.00,  0.00,  0.00,  272.24,  12.75
  00:00 29 Jan 2015,  72440,  6.40,  6.09,  6.07,  208.76,  22.60,  40.80,  0.00,  0.00,  0.00,  272.71,  17.72
  12:00 29 Jan 2015,  72440,  9.78,  13.26,  13.21,  119.99,  7.30,  36.00,  0.00,  0.00,  0.00,  275.03,  12.03
  00:00 30 Jan 2015,  72440,  16.19,  15.96,  15.92,  112.00,  -31.50,  30.80,  0.50,  -2.56,  842.94,  858.64,  0.01,  268.77,  6.23
  12:00 30 Jan 2015,  72440,  14.52,  22.85,  22.85,  86.01,  -25.70,  21.00,  0.00,  0.00,  0.00,  264.15,  3.44
  00:00 31 Jan 2015,  72440,  13.99,  16.75,  16.80,  51.01,  -51.70,  9.00,  0.00,  0.00,  0.00,  259.44,  4.30
  12:00 31 Jan 2015,  72440,  15.83,  22.50,  22.78,  223.48,  11.60,  26.60,  0.00,  0.00,  0.00,  263.32,  16.92
 
  00:00 02 Feb 2015,  72440
  12:00 02 Feb 2015,  72440,  22.55,  28.51,  28.50,  132.01,  -19.70,  15.80,  0.00,  0.00,  0.00,  260.04,  4.47
  00:00 03 Feb 2015,  72440,  21.18,  27.13,  27.19,  89.01,  -42.10,  15.20,  0.00,  0.00,  0.00,  260.20,  5.05
  12:00 03 Feb 2015,  72440,  11.12,  22.79,  22.78,  83.00,  -14.70,  34.20,  0.00,  0.00,  0.00,  261.43,  5.69
  00:00 04 Feb 2015,  72440,  9.79,  13.26,  13.37,  192.80,  8.50,  38.20,  0.00,  0.00,  0.00,  264.15,  10.27
  12:00 04 Feb 2015,  72440,  11.06,  18.33,  18.31,  49.01,  8.50,  35.40,  0.00,  0.00,  0.00,  267.33,  10.61
  00:00 05 Feb 2015,  72440,  17.27,  25.15,  25.28,  117.00,  7.10,  28.30,  0.00,  0.00,  0.00,  267.28,  15.00
  12:00 05 Feb 2015,  72440,  17.20,  30.79,  30.79,  96.00,  -55.10,  2.40,  0.00,  0.00,  0.00,  255.43,  2.29
  00:00 06 Feb 2015,  72440,  23.82,  29.28,  29.36,  92.00,  -43.10,  -10.40,  0.00,  0.00,  0.00,  254.60,  5.90
  12:00 06 Feb 2015,  72440,  13.59,  24.35,  24.54,  65.99,  -0.70,  28.40,  0.00,  0.00,  0.00,  268.95,  12.86
  00:00 07 Feb 2015,  72440,  10.53,  14.17,  14.20,  107.98,  -5.50,  30.40,  0.00,  0.00,  0.00,  272.33,  10.32
  12:00 07 Feb 2015,  72440,  8.84,  14.03,  14.04,  117.00,  -12.10,  33.40,  0.00,  0.00,  0.00,  275.60,  10.88
  00:00 08 Feb 2015,  72440,  9.12,  9.24,  9.10,  213.37,  -7.30,  33.40,  0.00,  0.00,  0.00,  270.79,  8.19
  12:00 08 Feb 2015,  72440,  7.35,  8.35,  8.28,  75.00,  3.70,  37.00,  0.00,  0.00,  0.00,  279.62,  13.78
  00:00 09 Feb 2015,  72440,  4.46,  5.51,  5.39,  110.61,  13.70,  45.80,  0.00,  0.00,  0.00,  271.48,  12.62
  12:00 09 Feb 2015,  72440,  7.45,  15.02,  14.98,  111.99,  16.50,  42.00,  0.00,  0.00,  922.09,  929.39,  0.00,  274.15,  11.21
  00:00 10 Feb 2015,  72440,  11.09,  23.37,  23.49,  99.01,  -3.50,  34.40,  0.00,  0.00,  0.00,  270.13,  9.93
  12:00 10 Feb 2015,  72440,  11.85,  24.36,  24.37,  52.00,  5.30,  31.40,  0.00,  0.00,  0.00,  266.61,  8.83
  00:00 11 Feb 2015,  72440,  9.48,  15.67,  15.60,  64.01,  10.10,  35.00,  0.00,  0.00,  0.00,  267.00,  11.56
  12:00 11 Feb 2015,  72440,  8.66,  13.79,  13.80,  65.99,  5.90,  40.20,  0.00,  0.00,  0.00,  269.90,  13.02
  00:00 12 Feb 2015,  72440,  9.94,  19.53,  19.55,  86.01,  -6.10,  38.20,  0.00,  0.00,  0.00,  266.61,  8.23
  12:00 12 Feb 2015,  72440,  22.83,  26.68,  26.68,  138.01,  -58.10,  -10.20,  0.00,  0.00,  0.00,  264.14,  4.61
  00:00 13 Feb 2015,  72440,  23.32,  28.31,  28.53,  58.99,  -49.70,  -2.60,  0.00,  0.00,  0.00,  253.53,  5.49
  12:00 13 Feb 2015,  72440,  19.88,  30.65,  30.64,  139.01,  4.10,  21.10,  0.00,  0.00,  0.00,  255.92,  9.16
  00:00 14 Feb 2015,  72440,  9.64,  13.64,  13.75,  90.00,  7.90,  39.80,  0.00,  0.00,  0.00,  266.96,  11.02
  12:00 14 Feb 2015,  72440,  8.18,  14.29,  14.26,  128.01,  15.70,  40.00,  0.00,  0.00,  0.00,  267.83,  10.98
  00:00 15 Feb 2015,  72440,  15.15,  19.58,  19.67,  131.97,  3.50,  29.80,  0.00,  0.00,  0.00,  265.76,  11.58
  12:00 15 Feb 2015,  72440,  9.19,  34.89,  35.10,  234.24,  15.90,  38.40,  0.00,  0.00,  0.00,  252.63,  14.32
  18:00 15 Feb 2015,  72440,  12.71,  32.10,  32.29,  216.77,  12.40,  33.80,  0.00,  0.00,  0.00,  251.10,  14.76
  00:00 16 Feb 2015,  72440,  14.17,  31.62,  31.65,  81.02,  13.70,  31.20,  0.00,  0.00,  0.00,  250.18,  14.08
  06:00 16 Feb 2015,  72440,  21.44,  32.09,  32.39,  67.99,  3.60,  20.50,  0.00,  0.00,  0.00,  262.57,  18.20
  12:00 16 Feb 2015,  72440,  26.90,  34.63,  34.93,  78.01,  -6.40,  11.00,  0.00,  0.00,  0.00,  259.86,  15.47
  00:00 17 Feb 2015,  72440,  17.82,  21.13,  21.18,  95.03,  -14.90,  20.40,  0.00,  0.00,  0.00,  261.35,  5.22
  12:00 17 Feb 2015,  72440,  8.69,  12.53,  12.53,  94.99,  8.20,  46.90,  0.00,  0.00,  0.00,  262.62,  5.54
  00:00 18 Feb 2015,  72440,  3.12,  3.08,  3.06,  237.01,  11.50,  55.60,  0.00,  0.00,  0.00,  267.51,  5.80
  12:00 18 Feb 2015,  72440,  19.83,  21.42,  21.41,  165.00,  -24.70,  20.40,  0.00,  0.00,  0.00,  252.82,  1.72
  00:00 20 Feb 2015,  72440,  17.39,  29.38,  29.54,  70.98,  4.10,  26.80,  0.00,  0.00,  0.00,  250.69,  10.37
  12:00 20 Feb 2015,  72440,  7.67,  22.71,  22.74,  117.18,  9.30,  43.20,  0.00,  0.00,  0.00,  261.95,  11.27
  00:00 21 Feb 2015,  72440,  -1.75,  16.84,  16.97,  419.50,  24.80,  56.50,  0.00,  0.00,  0.00,  271.18,  18.23
  12:00 21 Feb 2015,  72440,  10.15,  18.72,  18.87,  109.01,  19.20,  39.10,  0.00,  0.00,  0.00,  271.35,  18.44
  00:00 22 Feb 2015,  72440,  10.56,  14.38,  14.33,  96.99,  5.10,  38.60,  0.00,  0.00,  0.00,  272.08,  8.17
  12:00 22 Feb 2015,  72440,  13.46,  21.46,  21.61,  92.99,  8.80,  33.40,  0.00,  0.00,  0.00,  266.79,  11.24
  00:00 23 Feb 2015,  72440,  19.63,  31.90,  32.03,  102.99,  5.50,  23.70,  0.00,  0.00,  0.00,  258.78,  12.01
  12:00 23 Feb 2015,  72440,  27.34,  36.58,  36.77,  97.01,  -30.10,  -10.40,  0.00,  0.00,  0.00,  253.74,  9.95
  00:00 24 Feb 2015,  72440,  29.00,  33.59,  33.83,  72.01,  -36.10,  -17.00,  0.00,  0.00,  0.00,  251.49,  9.98
  12:00 24 Feb 2015,  72440,  18.98,  29.57,  29.62,  94.00,  -1.30,  24.60,  0.00,  0.00,  0.00,  253.85,  8.34
  00:00 25 Feb 2015,  72440,  17.59,  23.35,  23.34,  83.97,  -9.70,  25.40,  0.00,  0.00,  0.00,  263.37,  6.17
  12:00 25 Feb 2015,  72440,  16.02,  18.84,  18.83,  41.01,  -2.50,  28.60,  0.00,  0.00,  0.00,  264.52,  7.26
  00:00 26 Feb 2015,  72440,  14.61,  14.32,  14.30,  42.99,  1.30,  32.00,  0.00,  0.00,  0.00,  265.52,  7.65
  12:00 26 Feb 2015,  72440,  14.56,  21.61,  21.63,  115.99,  -12.20,  35.50,  0.00,  0.00,  920.74,  927.75,  0.00,  263.29,  5.28
  00:00 27 Feb 2015,  72440,  18.83,  18.85,  18.86,  99.01,  -17.90,  26.40,  0.00,  0.00,  0.00,  253.22,  2.47
  12:00 27 Feb 2015,  72440,  21.98,  28.93,  29.00,  90.02,  -35.10,  4.40,  0.00,  0.00,  0.00,  252.60,  3.17
  00:00 28 Feb 2015,  72440,  23.95,  25.55,  25.62,  71.00,  -18.00,  9.20,  0.00,  0.00,  0.00,  253.28,  6.40
  12:00 28 Feb 2015,  72440,  18.90,  26.79,  26.86,  72.98,  2.80,  27.10,  0.00,  0.00,  0.00,  259.76,  9.89
 
  12:00 01 Mar 2015,  72440,  13.47,  26.24,  26.40,  120.98,  9.00,  32.30,  0.00,  0.00,  0.00,  269.19,  17.62
  00:00 02 Mar 2015,  72440,  15.02,  26.73,  26.85,  137.00,  4.10,  29.40,  0.00,  0.00,  923.45,  926.29,  0.00,  267.84,  14.39
  12:00 02 Mar 2015,  72440,  24.32,  30.82,  30.87,  90.99,  -9.40,  9.40,  0.00,  0.00,  0.00,  260.81,  11.72
  00:00 03 Mar 2015,  72440,  9.56,  27.00,  27.34,  232.13,  9.40,  36.10,  0.00,  0.00,  0.00,  265.22,  20.28
  12:00 03 Mar 2015,  72440,  0.83,  17.55,  17.86,  396.14,  11.10,  47.20,  0.00,  0.00,  934.39,  937.02,  0.00,  277.11,  26.64
  00:00 04 Mar 2015,  72440,  11.13,  14.50,  14.76,  143.01,  16.90,  33.20,  0.00,  0.00,  0.00,  277.41,  22.36
  12:00 04 Mar 2015,  72440,  14.55,  24.58,  24.84,  110.00,  11.70,  30.30,  0.00,  0.00,  0.00,  270.17,  19.05
  00:00 05 Mar 2015,  72440,  29.95,  34.10,  34.44,  167.00,  -15.00,  1.60,  0.00,  0.00,  0.00,  256.43,  13.49
  12:00 05 Mar 2015,  72440,  26.36,  27.95,  28.05,  163.99,  -44.90,  8.20,  0.00,  0.00,  0.00,  255.49,  3.05
  00:00 06 Mar 2015,  72440,  22.76,  22.92,  22.92,  72.01,  -37.90,  16.00,  0.00,  0.00,  0.00,  256.89,  2.88
  12:00 06 Mar 2015,  72440,  13.52,  17.86,  17.87,  81.99,  -17.90,  32.80,  0.00,  0.00,  0.00,  260.42,  4.68
  00:00 07 Mar 2015,  72440,  12.36,  12.14,  12.17,  98.99,  -4.70,  30.80,  0.00,  0.00,  0.00,  266.74,  8.15
  12:00 07 Mar 2015,  72440,  9.99,  17.40,  17.41,  100.99,  8.90,  35.60,  0.00,  0.00,  0.00,  267.51,  9.35
  00:00 08 Mar 2015,  72440,  9.24,  9.54,  9.45,  78.01,  -0.10,  37.40,  0.00,  0.00,  0.00,  266.84,  8.97
  12:00 08 Mar 2015,  72440,  8.64,  12.71,  12.71,  57.98,  3.50,  38.60,  0.00,  0.00,  0.00,  269.31,  9.91
  00:00 09 Mar 2015,  72440,  16.06,  12.62,  12.75,  66.01,  -14.60,  4.20,  0.00,  0.00,  0.00,  268.31,  15.93
  12:00 09 Mar 2015,  72440,  12.12,  12.88,  12.95,  41.01,  11.40,  31.80,  0.00,  0.00,  0.00,  275.55,  16.34
  00:00 10 Mar 2015,  72440,  5.64,  13.08,  13.29,  114.59,  26.80,  42.40,  0.00,  0.00,  0.00,  276.88,  25.24
  12:00 10 Mar 2015,  72440,  8.14,  13.12,  13.03,  94.61,  23.70,  38.60,  0.00,  0.00,  0.00,  279.11,  22.88
  00:00 11 Mar 2015,  72440,  6.51,  6.47,  6.31,  97.20,  12.50,  42.20,  0.00,  0.00,  0.00,  277.29,  15.33
  12:00 11 Mar 2015,  72440,  6.55,  6.48,  6.37,  56.99,  -10.30,  42.20,  0.00,  0.00,  0.00,  277.78,  11.18
  00:00 12 Mar 2015,  72440,  6.53,  6.09,  5.92,  35.00,  -1.90,  41.80,  0.00,  0.00,  0.00,  271.01,  10.35
  12:00 12 Mar 2015,  72440,  9.47,  11.69,  11.65,  54.00,  -7.70,  36.80,  0.00,  0.00,  0.00,  269.19,  9.51
  00:00 13 Mar 2015,  72440,  7.22,  10.79,  11.02,  122.79,  25.20,  39.20,  0.00,  0.00,  0.00,  274.07,  26.45
  12:00 13 Mar 2015,  72440,  1.67,  7.30,  7.31,  146.41,  31.60,  46.10,  0.00,  0.00,  0.00,  284.05,  32.34
  00:00 14 Mar 2015,  72440,  3.01,  8.98,  9.20,  175.20,  31.20,  43.60,  0.00,  0.00,  923.26,  926.73,  0.00,  283.25,  32.89
  12:00 14 Mar 2015,  72440,  7.39,  6.00,  6.09,  96.20,  24.70,  40.20,  0.00,  0.00,  0.00,  282.22,  25.18
  00:00 15 Mar 2015,  72440,  9.57,  6.25,  6.28,  60.00,  -21.70,  35.60,  0.00,  0.00,  0.00,  277.22,  9.84
  12:00 15 Mar 2015,  72440,  13.06,  14.29,  14.22,  21.99,  -50.50,  9.80,  0.00,  0.00,  0.00,  266.07,  3.55
  00:00 16 Mar 2015,  72440,  18.01,  13.76,  13.77,  200.27,  -29.90,  14.40,  0.00,  0.00,  0.00,  270.38,  7.55
  12:00 16 Mar 2015,  72440,  17.72,  12.51,  12.35,  32.98,  -43.50,  10.20,  0.00,  0.00,  0.00,  281.19,  12.02
  00:00 17 Mar 2015,  72440,  10.83,  8.77,  8.43,  97.61,  -13.30,  30.80,  0.00,  0.00,  0.00,  280.18,  13.85
  12:00 17 Mar 2015,  72440,  9.20,  8.78,  8.90,  72.01,  9.50,  34.40,  0.00,  0.00,  0.00,  281.27,  21.95
  00:00 18 Mar 2015,  72440,  11.26,  15.53,  15.84,  82.81,  8.70,  32.60,  0.00,  0.00,  0.00,  276.01,  22.74
  12:00 18 Mar 2015,  72440,  5.91,  22.43,  22.78,  144.40,  28.10,  39.50,  0.00,  0.00,  0.00,  270.45,  28.41
  00:00 19 Mar 2015,  72440,  5.84,  20.75,  21.07,  117.61,  25.90,  40.50,  0.00,  0.00,  0.00,  275.07,  27.69
  12:00 19 Mar 2015,  72440,  6.27,  21.13,  21.44,  129.62,  25.10,  40.20,  0.00,  0.00,  930.28,  941.02,  0.00,  274.76,  26.03
  00:00 20 Mar 2015,  72440,  9.53,  15.04,  15.09,  105.80,  20.30,  36.50,  0.00,  0.00,  0.00,  277.73,  25.04
  12:00 20 Mar 2015,  72440,  12.77,  18.53,  18.57,  96.00,  10.70,  30.20,  0.00,  0.00,  928.27,  943.23,  0.00,  275.29,  15.44
  00:00 21 Mar 2015,  72440,  14.17,  9.82,  9.87,  54.00,  -18.50,  24.00,  0.00,  0.00,  0.00,  275.16,  9.52
  12:00 21 Mar 2015,  72440,  10.07,  12.19,  12.25,  35.00,  -10.50,  35.20,  0.00,  0.00,  0.00,  269.95,  8.29
  00:00 22 Mar 2015,  72440,  7.64,  6.94,  6.80,  31.00,  -10.30,  39.80,  0.00,  0.00,  0.00,  271.82,  10.76
  12:00 22 Mar 2015,  72440,  7.04,  8.94,  8.94,  41.01,  -8.70,  41.20,  0.00,  0.00,  0.00,  271.35,  13.62
  00:00 23 Mar 2015,  72440,  5.71,  5.67,  5.61,  40.00,  4.90,  43.80,  0.00,  0.00,  0.00,  273.46,  14.12
  12:00 23 Mar 2015,  72440,  3.73,  6.71,  6.65,  69.39,  20.70,  47.00,  0.00,  0.00,  0.00,  275.12,  15.73
  00:00 24 Mar 2015,  72440,  -0.10,  -0.27,  -0.42,  208.41,  24.40,  51.90,  40.14,  -148.12,  436.09,  605.93,  0.86,  282.89,  21.77
  12:00 24 Mar 2015,  72440,  3.52,  5.76,  5.85,  116.39,  24.90,  46.40,  0.00,  0.00,  0.00,  278.75,  21.31
  21:00 24 Mar 2015,  72440,  -2.86,  -3.35,  -3.69,  449.73,  13.00,  55.70,  956.10,  -5.93,  250.97,  797.71,  13.20,  281.77,  19.59
  00:00 25 Mar 2015,  72440,  -5.85,  -5.82,  -6.27,  488.00,  39.90,  60.10,  1389.06,  -38.91,  239.21,  823.52,  13.61,  285.42,  26.02
  12:00 25 Mar 2015,  72440,  6.70,  6.86,  6.76,  63.99,  3.10,  41.20,  0.00,  0.00,  0.00,  272.64,  10.25
  18:00 25 Mar 2015,  72440,  8.61,  5.74,  5.81,  220.54,  14.00,  36.20,  0.00,  0.00,  270.20,  19.00
  12:00 26 Mar 2015,  72440,  8.05,  11.75,  11.87,  118.02,  22.00,  42.20,  0.00,  0.00,  0.00,  276.03,  18.91
  00:00 27 Mar 2015,  72440,  10.36,  10.32,  10.31,  65.99,  -5.90,  39.60,  0.00,  0.00,  0.00,  266.46,  6.11
  12:00 27 Mar 2015,  72440,  5.77,  6.42,  6.36,  109.01,  19.40,  49.70,  0.07,  -0.12,  885.36,  900.46,  0.00,  274.03,  9.34
  00:00 28 Mar 2015,  72440,  14.87,  14.65,  14.77,  95.98,  -19.70,  31.60,  0.00,  0.00,  0.00,  262.19,  7.09
  12:00 28 Mar 2015,  72440,  12.60,  16.56,  16.71,  108.00,  12.30,  35.20,  0.00,  0.00,  0.00,  263.78,  13.55
  00:00 29 Mar 2015,  72440,  11.64,  18.11,  18.14,  69.02,  -19.60,  34.70,  0.00,  0.00,  0.00,  271.15,  10.80
  12:00 29 Mar 2015,  72440,  3.97,  16.10,  16.07,  99.98,  10.90,  45.60,  0.00,  0.00,  0.00,  272.66,  15.32
  00:00 30 Mar 2015,  72440,  8.18,  6.99,  7.09,  106.00,  8.30,  39.60,  0.00,  0.00,  0.00,  276.79,  14.76
  12:00 30 Mar 2015,  72440,  12.92,  11.15,  11.11,  63.99,  -32.50,  20.60,  0.00,  0.00,  0.00,  269.28,  5.30
  00:00 31 Mar 2015,  72440,  7.90,  6.36,  6.23,  239.52,  2.10,  38.40,  0.00,  0.00,  0.00,  267.49,  8.68
  12:00 31 Mar 2015,  72440,  1.77,  -2.88,  -3.25,  99.80,  27.80,  49.40,  726.48,  -102.05,  276.30,  766.91,  32.83,  286.24,  20.29
 
  12:00 01 Apr 2015,  72440,  7.65,  2.91,  2.71,  44.00,  13.50,  36.80,  0.00,  0.00,  0.00,  281.50,  16.34
  00:00 02 Apr 2015,  72440,  -3.58,  -4.57,  -4.90,  477.84,  31.50,  56.00,  818.48,  -46.59,  289.29,  806.85,  7.17,  287.71,  26.21
  12:00 02 Apr 2015,  72440,  -0.90,  -2.37,  -2.58,  273.41,  25.50,  52.60,  434.16,  -296.01,  269.35,  652.38,  13.53,  287.24,  25.28
  21:00 02 Apr 2015,  72440,  -1.62,  -3.33,  -3.87,  334.43,  22.90,  51.20,  1389.01,  -0.34,  213.03,  832.13,  26.50,  285.61,  25.24
  00:00 03 Apr 2015,  72440,  -4.73,  -5.70,  -6.32,  488.39,  22.40,  55.90,  1971.96,  -5.11,  197.64,  837.20,  25.75,  286.83,  28.77
  12:00 03 Apr 2015,  72440,  -0.45,  8.33,  8.16,  236.02,  30.90,  49.80,  0.00,  0.00,  921.15,  929.61,  0.00,  282.15,  27.03
  00:00 04 Apr 2015,  72440,  13.02,  12.77,  12.69,  116.01,  6.30,  33.00,  6.08,  -1.08,  796.85,  827.12,  0.04,  272.38,  10.44
  12:00 04 Apr 2015,  72440,  17.33,  19.34,  19.31,  100.02,  -54.10,  13.40,  0.00,  0.00,  0.00,  260.20,  2.80
  00:00 05 Apr 2015,  72440,  15.45,  15.07,  15.01,  67.99,  -10.10,  25.80,  0.00,  0.00,  0.00,  261.12,  4.71
  12:00 05 Apr 2015,  72440,  13.59,  17.62,  17.63,  65.02,  2.50,  29.20,  0.00,  0.00,  0.00,  263.85,  9.87
  00:00 06 Apr 2015,  72440,  3.02,  12.24,  12.27,  322.27,  13.50,  46.00,  0.00,  0.00,  0.00,  278.52,  22.44
  12:00 06 Apr 2015,  72440,  0.04,  8.04,  7.86,  291.55,  26.90,  48.60,  0.00,  0.00,  0.00,  282.89,  24.94
  00:00 07 Apr 2015,  72440,  -1.74,  -2.29,  -2.83,  393.36,  31.60,  50.30,  1057.68,  -2.62,  220.31,  871.39,  11.09,  287.88,  32.25
  12:00 07 Apr 2015,  72440,  -8.00,  -4.62,  -5.02,  574.72,  30.80,  60.50,  1424.90,  -270.53,  199.01,  678.48,  32.04,  289.35,  27.81
  00:00 08 Apr 2015,  72440,  -5.32,  -6.15,  -6.84,  503.36,  23.90,  55.80,  2993.55,  -67.43,  190.53,  729.58,  49.39,  287.67,  25.00
  12:00 08 Apr 2015,  72440,  -4.73,  -4.38,  -4.93,  401.09,  26.40,  56.10,  1782.83,  -219.69,  188.82,  688.11,  88.46,  288.77,  24.50
  18:00 08 Apr 2015,  72440,  -5.45,  -6.69,  -7.34,  526.40,  30.70,  56.80,  2442.32,  -6.57,  185.33,  839.28,  71.89,  287.75,  28.36
  00:00 09 Apr 2015,  72440,  -1.63,  -3.23,  -3.44,  361.48,  27.30,  52.60,  872.70,  -196.89,  202.53,  650.13,  28.93,  284.85,  28.01
  12:00 09 Apr 2015,  72440,  -2.08,  -4.00,  -4.31,  347.39,  34.80,  52.40,  1024.91,  -30.31,  208.36,  788.66,  13.02,  287.87,  33.04
  18:00 09 Apr 2015,  72440,  -1.24,  -2.52,  -3.04,  328.11,  22.60,  50.50,  1057.03,  -5.47,  231.37,  821.71,  13.00,  285.29,  23.76
  00:00 10 Apr 2015,  72440,  11.91,  6.55,  6.32,  131.99,  -11.30,  29.40,  0.00,  0.00,  0.00,  279.23,  14.16
  12:00 10 Apr 2015,  72440,  18.34,  18.54,  18.51,  118.01,  -27.50,  20.40,  0.00,  0.00,  0.00,  272.64,  6.81
  00:00 11 Apr 2015,  72440,  10.74,  9.49,  9.44,  67.00,  8.30,  34.80,  0.00,  0.00,  0.00,  271.42,  10.00
  12:00 11 Apr 2015,  72440,  10.67,  10.32,  10.46,  58.00,  11.30,  33.80,  0.00,  0.00,  0.00,  269.22,  15.39
  00:00 12 Apr 2015,  72440,  7.71,  7.09,  7.19,  218.76,  18.80,  39.20,  0.00,  0.00,  0.00,  270.60,  17.38
  12:00 12 Apr 2015,  72440,  13.90,  8.96,  8.92,  207.35,  -16.70,  12.20,  0.00,  0.00,  0.00,  274.79,  13.70
  00:00 13 Apr 2015,  72440,  -0.01,  -0.31,  -0.68,  355.68,  26.20,  49.10,  160.94,  -156.15,  268.32,  641.15,  3.60,  282.10,  25.93
  12:00 13 Apr 2015,  72440,  3.32,  3.58,  3.40,  177.80,  29.60,  44.10,  0.00,  0.00,  0.00,  285.34,  30.16
  00:00 14 Apr 2015,  72440,  19.24,  14.60,  14.94,  103.98,  -10.10,  7.00,  0.00,  0.00,  0.00,  272.22,  19.33
  12:00 14 Apr 2015,  72440,  14.04,  15.22,  15.23,  62.00,  14.90,  28.60,  0.00,  0.00,  0.00,  270.26,  19.30
  00:00 15 Apr 2015,  72440,  9.56,  9.63,  9.72,  42.00,  20.20,  36.80,  0.00,  0.00,  0.00,  270.95,  21.44
  12:00 15 Apr 2015,  72440,  0.43,  6.04,  6.04,  158.19,  34.10,  50.20,  0.00,  0.00,  0.00,  281.74,  27.78
  00:00 16 Apr 2015,  72440,  0.58,  2.16,  1.97,  146.58,  33.60,  48.90,  0.00,  0.00,  0.00,  285.37,  27.93
  12:00 16 Apr 2015,  72440,  1.15,  0.98,  0.70,  130.80,  21.30,  49.40,  0.00,  0.00,  936.06,  941.39,  0.00,  285.82,  19.77
  00:00 17 Apr 2015,  72440,  7.10,  -1.41,  -1.81,  29.99,  6.70,  38.60,  378.58,  -147.32,  248.72,  689.69,  69.74,  284.25,  17.79
  12:00 17 Apr 2015,  72440,  -2.54,  -1.39,  -1.49,  246.20,  22.00,  53.90,  193.21,  -162.52,  372.02,  675.50,  25.53,  284.46,  23.41
  00:00 18 Apr 2015,  72440,  -2.25,  -3.53,  -3.86,  245.60,  33.60,  52.90,  641.46,  -7.60,  271.17,  791.03,  75.90,  284.79,  29.31
  12:00 18 Apr 2015,  72440,  -2.51,  -1.28,  -1.70,  248.61,  33.40,  52.70,  323.04,  -75.55,  394.91,  753.88,  46.42,  286.05,  31.01
  00:00 19 Apr 2015,  72440,  0.01,  -1.55,  -1.93,  332.30,  34.50,  50.30,  366.85,  -27.77,  351.32,  798.13,  13.78,  285.73,  25.62
  12:00 19 Apr 2015,  72440,  0.55,  3.38,  3.25,  159.60,  34.30,  49.60,  0.00,  0.00,  0.00,  283.28,  24.25
  00:00 20 Apr 2015,  72440,  2.61,  0.98,  0.75,  108.79,  25.30,  48.80,  0.00,  0.00,  0.00,  279.22,  16.58
  12:00 20 Apr 2015,  72440,  11.51,  10.98,  10.94,  101.98,  -15.90,  35.60,  0.47,  -71.62,  748.43,  760.53,  0.03,  273.33,  8.61
  00:00 21 Apr 2015,  72440,  9.37,  9.19,  9.11,  112.00,  9.50,  39.00,  0.86,  -6.23,  710.59,  722.72,  0.01,  264.78,  7.50
  12:00 21 Apr 2015,  72440,  4.49,  5.63,  5.57,  112.98,  21.20,  47.60,  0.00,  0.00,  0.00,  270.55,  11.13
  00:00 22 Apr 2015,  72440,  -0.51,  -1.07,  -1.19,  384.76,  30.80,  54.20,  347.58,  -4.16,  360.34,  777.23,  3.33,  276.86,  18.47
  12:00 22 Apr 2015,  72440,  7.31,  14.84,  14.82,  114.02,  20.40,  41.60,  0.00,  0.00,  0.00,  268.15,  16.08
  00:00 23 Apr 2015,  72440,  10.02,  11.45,  11.43,  81.00,  10.30,  35.00,  0.00,  0.00,  0.00,  266.96,  12.91
  12:00 23 Apr 2015,  72440,  10.19,  17.47,  17.50,  47.98,  16.30,  35.00,  0.00,  0.00,  0.00,  262.23,  15.09
  00:00 24 Apr 2015,  72440,  5.56,  11.38,  11.26,  98.40,  24.70,  42.40,  0.00,  0.00,  0.00,  268.66,  18.59
  12:00 24 Apr 2015,  72440,  -1.09,  10.65,  10.66,  367.39,  16.30,  50.40,  0.00,  0.00,  0.00,  274.95,  24.90
  00:00 25 Apr 2015,  72440,  3.84,  6.31,  6.51,  327.71,  22.70,  43.20,  0.00,  0.00,  0.00,  283.62,  27.89
  12:00 25 Apr 2015,  72440,  -1.23,  -2.86,  -3.10,  311.60,  28.50,  53.40,  422.60,  -152.16,  396.93,  705.43,  5.59,  286.35,  22.20
  00:00 26 Apr 2015,  72440,  2.87,  2.01,  1.67,  192.38,  28.80,  45.20,  17.37,  -21.68,  697.84,  783.54,  0.48,  281.44,  22.11
  12:00 26 Apr 2015,  72440,  5.38,  7.99,  7.83,  124.40,  16.50,  42.60,  0.00,  0.00,  903.69,  927.31,  0.00,  281.69,  19.61
  00:00 27 Apr 2015,  72440,  5.13,  9.05,  8.97,  97.39,  12.80,  43.70,  0.25,  -2.13,  862.94,  874.74,  0.00,  278.38,  16.80
  12:00 27 Apr 2015,  72440,  15.92,  14.95,  14.93,  42.02,  -20.90,  21.00,  0.00,  0.00,  0.00,  271.91,  8.29
  00:00 28 Apr 2015,  72440,  9.34,  9.60,  9.55,  60.00,  -15.30,  37.60,  0.00,  0.00,  0.00,  268.48,  9.04
  12:00 28 Apr 2015,  72440,  11.59,  11.71,  11.63,  65.02,  -9.50,  34.40,  0.00,  0.00,  0.00,  272.91,  9.62
  00:00 29 Apr 2015,  72440,  5.77,  5.43,  5.30,  53.01,  9.70,  43.80,  0.00,  0.00,  0.00,  272.31,  11.95
  12:00 29 Apr 2015,  72440,  5.10,  5.41,  5.28,  54.99,  5.10,  45.20,  0.00,  0.00,  0.00,  272.81,  11.12
  00:00 30 Apr 2015,  72440,  5.73,  5.27,  5.18,  60.99,  12.50,  42.80,  0.00,  0.00,  0.00,  271.34,  12.98
  12:00 30 Apr 2015,  72440,  9.09,  10.29,  10.16,  76.21,  -1.70,  36.40,  0.00,  0.00,  0.00,  274.34,  13.32
 
  12:00 01 May 2015,  72440,  12.16,  14.43,  14.38,  43.98,  -14.50,  31.60,  0.00,  0.00,  0.00,  270.02,  8.93
  00:00 02 May 2015,  72440,  10.14,  9.73,  9.59,  24.01,  -3.50,  34.40,  0.00,  0.00,  0.00,  270.65,  10.51
  12:00 02 May 2015,  72440,  7.18,  9.65,  9.54,  62.80,  21.40,  39.60,  0.00,  0.00,  0.00,  273.79,  19.40
  00:00 03 May 2015,  72440,  2.15,  2.03,  1.96,  110.59,  23.90,  47.20,  0.00,  0.00,  0.00,  278.04,  25.21
  12:00 03 May 2015,  72440,  -0.73,  2.82,  2.69,  323.96,  28.40,  50.90,  0.00,  0.00,  0.00,  280.53,  24.10
  00:00 04 May 2015,  72440,  -1.45,  -2.25,  -2.40,  227.62,  31.90,  52.20,  458.08,  -123.01,  228.02,  683.95,  18.72,  281.98,  28.51
  12:00 04 May 2015,  72440,  7.95,  0.03,  -0.03,  56.99,  12.10,  34.00,  2.44,  -371.52,  477.97,  628.20,  0.21,  283.61,  24.30
  00:00 05 May 2015,  72440,  -2.45,  -2.53,  -2.88,  242.42,  29.30,  52.40,  770.21,  -14.21,  223.07,  781.09,  149.15,  283.93,  30.32
  12:00 05 May 2015,  72440,  1.71,  1.44,  1.13,  171.21,  14.50,  46.60,  17.76,  -49.55,  723.37,  804.97,  180.76,  283.36,  22.30
  00:00 06 May 2015,  72440,  1.03,  0.08,  -0.37,  173.19,  32.10,  47.40,  129.68,  -31.65,  383.64,  746.69,  9.71,  282.22,  24.03
  12:00 06 May 2015,  72440,  -0.29,  1.29,  1.23,  233.60,  33.30,  49.40,  0.00,  0.00,  0.00,  283.79,  33.52
  00:00 07 May 2015,  72440,  1.05,  0.76,  0.35,  309.57,  32.50,  47.30,  4.59,  -65.12,  602.41,  631.15,  0.18,  281.56,  25.81
  12:00 07 May 2015,  72440,  -3.59,  -1.24,  -1.44,  335.18,  36.10,  53.90,  168.37,  -197.77,  422.02,  674.06,  12.05,  286.32,  33.20
  00:00 08 May 2015,  72440,  -1.25,  -1.30,  -1.80,  278.65,  34.40,  49.80,  240.00,  -9.83,  323.31,  734.80,  24.52,  283.68,  27.61
  12:00 08 May 2015,  72440,  0.79,  1.00,  0.99,  223.40,  35.50,  45.20,  55.07,  -42.09,  535.54,  806.39,  1.11,  288.83,  41.74
  00:00 09 May 2015,  72440,  -0.78,  -1.00,  -1.62,  301.43,  29.30,  46.80,  573.01,  -3.11,  254.50,  876.55,  19.89,  288.90,  28.76
  12:00 09 May 2015,  72440,  2.31,  2.20,  2.21,  162.61,  31.70,  44.20,  19.43,  -96.60,  615.76,  724.03,  1.65,  286.19,  35.33
  00:00 10 May 2015,  72440,  3.89,  -0.34,  -0.53,  163.00,  31.20,  42.40,  138.33,  -75.69,  461.24,  736.62,  11.24,  288.73,  37.07
  12:00 10 May 2015,  72440,  1.71,  1.86,  1.48,  226.94,  30.10,  47.60,  0.00,  0.00,  0.00,  282.57,  20.36
  00:00 11 May 2015,  72440,  0.16,  -2.18,  -2.53,  331.14,  30.10,  48.80,  126.74,  -128.50,  357.20,  604.58,  2.87,  287.07,  32.91
  12:00 11 May 2015,  72440,  1.95,  11.84,  11.68,  208.01,  0.10,  45.20,  0.00,  0.00,  0.00,  279.00,  18.10
  00:00 12 May 2015,  72440,  13.00,  11.02,  10.85,  133.99,  8.90,  29.40,  0.00,  0.00,  0.00,  276.69,  15.73
  12:00 12 May 2015,  72440,  16.82,  17.92,  17.86,  96.00,  -26.90,  21.00,  0.00,  0.00,  0.00,  272.19,  6.16
  00:00 13 May 2015,  72440,  15.59,  9.83,  9.68,  50.99,  -30.70,  13.40,  0.00,  0.00,  0.00,  273.68,  8.81
  12:00 13 May 2015,  72440,  14.77,  12.61,  12.49,  35.00,  -48.10,  12.60,  0.00,  0.00,  0.00,  275.14,  6.87
  00:00 14 May 2015,  72440,  12.72,  8.14,  8.12,  221.23,  16.10,  27.00,  0.00,  0.00,  0.00,  278.18,  27.18
  12:00 14 May 2015,  72440,  1.05,  6.18,  6.01,  296.69,  33.20,  46.10,  0.00,  0.00,  0.00,  283.84,  32.36
  00:00 15 May 2015,  72440,  -0.23,  -1.21,  -1.85,  350.14,  29.00,  46.70,  950.82,  -9.21,  204.29,  836.69,  23.73,  287.22,  28.42
  12:00 15 May 2015,  72440,  -0.84,  -3.24,  -3.91,  204.42,  30.00,  48.70,  1407.22,  -39.46,  190.65,  828.94,  413.09,  290.66,  31.40
  00:00 16 May 2015,  72440,  -3.50,  -4.71,  -5.02,  407.77,  36.80,  51.50,  1601.95,  -2.04,  174.20,  861.06,  50.48,  289.33,  42.49
  12:00 16 May 2015,  72440,  -1.33,  -2.80,  -3.01,  249.79,  36.80,  48.70,  1193.09,  -10.90,  228.46,  848.51,  130.03,  290.82,  40.68
  00:00 17 May 2015,  72440,  -1.92,  -3.65,  -4.43,  346.71,  26.50,  48.80,  1805.19,  -4.28,  182.10,  850.06,  27.87,  289.35,  31.73
  06:00 17 May 2015,  72440,  -3.97,  -5.97,  -6.31,  503.58,  32.20,  53.70,  1484.02,  -53.62,  169.78,  748.04,  21.67,  291.45,  37.90
  12:00 17 May 2015,  72440,  4.66,  3.80,  3.92,  197.20,  27.20,  40.60,  0.00,  0.00,  0.00,  287.22,  37.81
  00:00 18 May 2015,  72440,  12.10,  0.86,  0.41,  91.98,  -10.70,  27.40,  274.51,  -54.83,  384.64,  774.88,  5.93,  287.66,  17.86
  12:00 18 May 2015,  72440,  -0.17,  -5.28,  -5.73,  180.19,  4.50,  49.80,  1299.76,  -20.49,  292.25,  855.74,  947.62,  290.61,  23.81
  00:00 19 May 2015,  72440,  5.33,  -2.21,  -2.71,  72.01,  10.70,  41.40,  578.26,  -21.86,  291.76,  806.77,  37.16,  287.75,  21.21
  12:00 19 May 2015,  72440,  4.53,  15.44,  15.33,  116.79,  21.10,  41.40,  0.00,  0.00,  0.00,  278.81,  17.26
  00:00 20 May 2015,  72440,  0.94,  5.80,  5.89,  192.80,  27.30,  45.60,  0.00,  0.00,  0.00,  282.16,  29.09
  12:00 20 May 2015,  72440,  2.64,  8.23,  8.28,  257.76,  33.20,  43.20,  0.00,  0.00,  0.00,  284.65,  37.59
  00:00 21 May 2015,  72440,  8.40,  10.45,  10.32,  159.61,  12.90,  35.80,  0.14,  0.00,  906.35,  938.08,  0.00,  283.20,  20.89
  12:00 21 May 2015,  72440,  17.21,  18.23,  18.18,  99.01,  -2.30,  23.80,  0.02,  0.00,  913.79,  926.83,  0.00,  277.93,  14.15
  00:00 22 May 2015,  72440,  10.88,  10.61,  10.58,  81.58,  7.60,  34.30,  0.00,  0.00,  0.00,  275.24,  13.42
  12:00 22 May 2015,  72440,  16.71,  13.49,  13.44,  68.01,  -4.10,  15.60,  0.00,  0.00,  0.00,  274.44,  14.10
  00:00 23 May 2015,  72440,  14.89,  8.42,  8.60,  225.12,  5.80,  18.40,  0.00,  0.00,  0.00,  278.93,  23.02
  12:00 23 May 2015,  72440,  -0.03,  8.61,  8.50,  184.00,  35.40,  47.20,  0.00,  0.00,  0.00,  280.29,  31.68
  00:00 24 May 2015,  72440,  -0.58,  0.32,  -0.09,  225.01,  36.90,  48.80,  22.93,  -200.23,  474.19,  564.08,  0.56,  286.42,  36.66
  12:00 24 May 2015,  72440,  -1.08,  0.45,  0.44,  310.40,  36.00,  47.00,  70.41,  -66.76,  520.91,  746.25,  1.68,  289.66,  43.19
  00:00 25 May 2015,  72440,  2.49,  2.56,  2.64,  228.02,  31.70,  42.80,  0.00,  -102.11,  662.68,  663.38,  0.00,  287.91,  39.60
  12:00 25 May 2015,  72440,  4.23,  0.49,  0.04,  199.96,  12.30,  43.00,  39.76,  -118.46,  428.97,  760.71,  1.95,  287.14,  19.94
  00:00 26 May 2015,  72440,  -0.03,  -3.11,  -3.78,  190.39,  17.30,  48.20,  1004.03,  -19.49,  259.25,  783.10,  93.34,  287.08,  23.80
  12:00 26 May 2015,  72440,  4.87,  4.64,  4.35,  206.61,  27.90,  39.80,  22.67,  -0.06,  666.88,  903.62,  0.78,  286.33,  27.92
  00:00 27 May 2015,  72440,  2.42,  -3.84,  -4.12,  128.80,  27.90,  47.00,  1228.80,  -25.87,  239.86,  787.42,  25.19,  285.34,  26.72
  12:00 27 May 2015,  72440,  -2.36,  -3.77,  -4.27,  260.42,  37.50,  51.90,  1132.95,  -26.63,  225.93,  839.26,  117.85,  289.58,  34.09
  00:00 28 May 2015,  72440,  -1.83,  -4.01,  -4.63,  204.81,  35.80,  50.50,  1524.43,  -12.34,  192.88,  829.87,  110.61,  287.87,  33.52
  12:00 28 May 2015,  72440,  0.62,  -3.88,  -4.44,  156.19,  30.30,  47.40,  1285.91,  -27.84,  186.67,  847.37,  119.94,  290.60,  35.38
  00:00 29 May 2015,  72440,  0.72,  -1.65,  -1.77,  179.80,  33.20,  45.50,  428.26,  -15.49,  229.22,  860.41,  16.96,  290.44,  39.41
  12:00 29 May 2015,  72440,  -1.50,  0.01,  -0.36,  241.42,  36.30,  47.30,  252.14,  -81.74,  281.55,  791.71,  13.97,  289.40,  41.78
  00:00 30 May 2015,  72440,  2.75,  0.59,  0.59,  205.99,  30.80,  42.50,  77.24,  -45.67,  564.50,  805.19,  1.51,  289.31,  41.85
  12:00 30 May 2015,  72440,  3.18,  1.63,  1.47,  164.19,  28.80,  42.10,  66.84,  -0.47,  563.47,  895.61,  4.85,  289.56,  35.27
  00:00 31 May 2015,  72440,  2.61,  3.23,  2.84,  177.20,  23.60,  42.90,  0.00,  0.00,  0.00,  287.78,  27.60
  12:00 31 May 2015,  72440,  2.49,  3.17,  2.92,  129.78,  25.90,  45.00,  0.00,  0.00,  915.82,  931.57,  0.00,  286.34,  25.75
 
  12:00 01 Jun 2015,  72440,  4.45,  5.51,  5.34,  133.22,  5.10,  43.00,  0.00,  0.00,  928.93,  939.82,  0.00,  284.34,  21.42
  00:00 02 Jun 2015,  72440,  6.93,  6.37,  6.06,  140.20,  8.30,  36.80,  0.31,  -10.33,  842.10,  852.78,  0.03,  284.38,  21.38
  12:00 02 Jun 2015,  72440,  5.96,  7.11,  6.94,  134.00,  22.70,  38.80,  0.00,  0.00,  0.00,  285.75,  19.02
  00:00 03 Jun 2015,  72440,  3.61,  1.55,  1.34,  127.38,  19.90,  42.40,  0.00,  0.00,  0.00,  285.52,  30.17
  12:00 03 Jun 2015,  72440,  -2.10,  1.14,  1.03,  201.19,  32.20,  49.10,  1.48,  -315.35,  531.17,  550.19,  0.03,  288.89,  38.92
  00:00 04 Jun 2015,  72440,  -1.91,  -3.98,  -4.45,  238.22,  30.10,  50.00,  1113.61,  -89.77,  192.51,  729.04,  12.12,  289.98,  36.51
  12:00 04 Jun 2015,  72440,  -2.52,  -3.03,  -3.62,  220.58,  34.10,  50.20,  708.21,  -79.21,  211.13,  725.40,  27.93,  290.67,  37.36
  00:00 05 Jun 2015,  72440,  -3.23,  -5.78,  -6.61,  289.42,  24.60,  51.70,  1842.36,  -60.83,  169.89,  675.21,  20.72,  289.78,  33.39
  12:00 05 Jun 2015,  72440,  -1.82,  -4.35,  -5.03,  209.81,  33.70,  50.00,  1296.64,  -53.35,  191.18,  795.97,  87.50,  290.66,  37.53
  00:00 06 Jun 2015,  72440,  -1.77,  -2.62,  -3.45,  233.62,  36.00,  46.80,  1743.06,  -17.16,  193.87,  841.20,  42.79,  290.87,  43.77
  12:00 06 Jun 2015,  72440,  -1.21,  -0.75,  -1.29,  219.41,  23.30,  47.20,  311.60,  -127.73,  303.15,  658.73,  16.09,  289.51,  31.62
  00:00 07 Jun 2015,  72440,  -2.67,  -2.73,  -3.51,  211.40,  29.40,  49.70,  728.21,  -42.20,  188.63,  711.80,  39.44,  286.98,  35.64
  12:00 07 Jun 2015,  72440,  -1.76,  -4.42,  -4.79,  229.40,  21.70,  50.00,  1024.39,  -106.01,  220.65,  744.01,  341.60,  291.50,  30.93
  00:00 08 Jun 2015,  72440,  -0.86,  -2.86,  -3.29,  327.74,  17.30,  48.20,  747.17,  -44.11,  223.59,  695.92,  73.48,  286.75,  31.90
  12:00 08 Jun 2015,  72440,  -1.34,  -2.46,  -2.60,  253.22,  39.40,  48.00,  474.16,  -73.75,  236.70,  749.14,  69.19,  289.56,  46.05
  00:00 09 Jun 2015,  72440,  3.22,  2.13,  1.59,  169.41,  20.50,  41.60,  130.18,  -218.35,  241.13,  444.77,  30.69,  283.49,  21.10
  12:00 09 Jun 2015,  72440,  2.32,  3.25,  2.87,  180.59,  18.30,  43.00,  0.00,  0.00,  0.00,  283.61,  25.93
  00:00 10 Jun 2015,  72440,  0.04,  -0.40,  -0.99,  170.79,  28.90,  47.00,  331.57,  -39.71,  252.02,  695.98,  19.99,  283.50,  27.57
  12:00 10 Jun 2015,  72440,  -0.71,  -1.01,  -1.72,  193.20,  37.00,  47.60,  991.69,  -116.13,  218.96,  737.83,  28.53,  287.21,  29.86
  00:00 11 Jun 2015,  72440,  -0.28,  -2.63,  -3.48,  180.99,  37.10,  47.20,  1370.60,  -33.53,  201.01,  755.96,  76.52,  287.09,  34.40
  12:00 11 Jun 2015,  72440,  0.14,  -0.49,  -1.18,  205.39,  30.90,  45.40,  260.50,  -110.30,  275.16,  743.88,  17.13,  288.82,  28.29
  00:00 12 Jun 2015,  72440,  3.74,  -2.11,  -2.40,  283.88,  25.90,  42.40,  192.44,  -112.88,  328.77,  624.99,  7.84,  285.68,  36.39
  12:00 12 Jun 2015,  72440,  -3.23,  -4.04,  -4.80,  271.40,  19.10,  49.40,  1148.37,  -36.73,  224.08,  822.37,  197.73,  292.59,  38.33
  00:00 13 Jun 2015,  72440,  -2.47,  -2.89,  -3.87,  311.37,  30.00,  47.70,  1377.03,  -12.92,  217.48,  808.65,  157.46,  289.75,  36.02
  12:00 13 Jun 2015,  72440,  -2.41,  -3.24,  -3.74,  277.00,  32.90,  47.80,  801.08,  -7.47,  229.21,  872.45,  100.65,  292.41,  41.05
  00:00 14 Jun 2015,  72440,  -0.01,  -1.66,  -1.97,  316.55,  33.40,  44.90,  325.31,  -27.43,  310.23,  807.82,  21.27,  290.95,  45.15
  12:00 14 Jun 2015,  72440,  -0.21,  -1.78,  -2.01,  244.60,  37.20,  45.10,  474.43,  -17.95,  250.73,  819.54,  165.14,  292.52,  47.69
  00:00 15 Jun 2015,  72440,  -0.76,  -2.95,  -3.83,  320.37,  33.30,  44.60,  1346.91,  -2.17,  189.38,  859.74,  64.69,  291.92,  43.52
  12:00 15 Jun 2015,  72440,  -1.08,  -2.30,  -2.53,  262.77,  39.20,  46.30,  532.30,  -32.34,  269.30,  815.36,  143.10,  292.58,  51.69
  00:00 16 Jun 2015,  72440,  0.11,  -3.12,  -3.45,  284.52,  34.30,  44.40,  1210.14,  -6.55,  192.99,  852.38,  79.20,  293.34,  50.17
  12:00 16 Jun 2015,  72440,  -0.69,  -1.43,  -1.73,  246.42,  38.10,  44.70,  677.34,  -0.07,  230.16,  913.43,  34.33,  293.22,  52.31
  00:00 17 Jun 2015,  72440,  1.44,  -0.63,  -0.88,  305.24,  35.00,  42.80,  181.85,  -47.91,  269.58,  771.85,  8.12,  289.98,  47.94
  12:00 17 Jun 2015,  72440,  2.47,  -0.59,  -0.68,  236.38,  34.50,  41.60,  168.73,  -42.18,  249.32,  771.03,  10.26,  292.06,  51.64
  00:00 18 Jun 2015,  72440,  5.30,  -2.62,  -2.98,  130.39,  22.50,  38.60,  1062.28,  -5.32,  205.20,  877.55,  57.68,  293.23,  38.75
  12:00 18 Jun 2015,  72440,  -0.49,  -0.50,  -0.66,  230.59,  38.10,  44.70,  211.78,  -35.92,  289.81,  777.86,  17.54,  291.87,  52.19
  00:00 19 Jun 2015,  72440,  -0.20,  -0.91,  -1.02,  238.42,  35.50,  43.20,  289.73,  -1.06,  218.28,  887.96,  101.57,  292.82,  54.51
  12:00 19 Jun 2015,  72440,  0.60,  -0.84,  -1.00,  266.99,  33.20,  42.80,  177.23,  0.00,  363.76,  928.50,  29.80,  292.81,  50.36
  00:00 20 Jun 2015,  72440,  1.80,  -0.02,  -0.80,  232.82,  27.80,  40.50,  564.60,  -13.33,  228.88,  864.75,  56.32,  291.98,  32.71
  12:00 20 Jun 2015,  72440,  2.70,  -1.82,  -2.54,  163.79,  10.90,  43.00,  672.99,  -232.81,  205.38,  615.94,  44.36,  290.78,  25.44
  00:00 21 Jun 2015,  72440,  3.05,  -3.97,  -4.89,  152.79,  20.50,  43.20,  1928.70,  -91.79,  178.17,  726.19,  252.16,  289.49,  32.27
  12:00 21 Jun 2015,  72440,  -0.90,  -4.99,  -5.71,  198.20,  27.30,  49.40,  1464.15,  -221.36,  192.76,  690.14,  86.17,  292.66,  31.73
  00:00 22 Jun 2015,  72440,  -4.03,  -6.35,  -7.12,  311.02,  25.30,  52.20,  2127.62,  -9.82,  166.71,  815.14,  154.34,  290.66,  38.16
  12:00 22 Jun 2015,  72440,  -2.17,  -3.15,  -4.15,  270.39,  22.70,  47.40,  1913.97,  -0.71,  160.98,  903.37,  59.72,  293.96,  35.92
  00:00 23 Jun 2015,  72440,  -3.21,  -4.84,  -5.99,  298.39,  8.40,  47.90,  2894.96,  -0.17,  141.50,  854.23,  115.49,  292.57,  34.14
  12:00 23 Jun 2015,  72440,  -4.35,  -6.06,  -6.99,  341.19,  39.50,  52.40,  2411.46,  -102.14,  156.75,  717.18,  89.53,  293.19,  42.39
  00:00 24 Jun 2015,  72440,  -6.48,  -7.88,  -9.07,  349.38,  38.00,  53.50,  4231.85,  -9.00,  138.68,  857.79,  235.10,  293.85,  46.41
  12:00 24 Jun 2015,  72440,  3.58,  -5.55,  -6.25,  115.01,  23.90,  42.80,  2399.15,  -66.25,  161.29,  785.82,  664.88,  293.25,  32.16
  00:00 25 Jun 2015,  72440,  1.90,  -4.74,  -5.84,  271.92,  27.30,  44.40,  2727.56,  -35.01,  161.11,  767.44,  117.83,  290.57,  32.90
  12:00 25 Jun 2015,  72440,  4.68,  -4.73,  -5.72,  127.80,  24.90,  41.00,  2158.35,  -98.61,  170.94,  752.05,  154.42,  292.77,  31.75
  00:00 26 Jun 2015,  72440,  -5.40,  -7.15,  -8.27,  322.20,  32.50,  53.60,  2897.61,  -3.06,  167.89,  819.61,  1836.20,  291.29,  38.55
  12:00 26 Jun 2015,  72440,  -1.89,  1.75,  1.32,  241.79,  36.50,  46.90,  11.80,  -279.26,  516.99,  612.31,  0.08,  288.93,  43.17
  00:00 27 Jun 2015,  72440,  0.95,  -1.82,  -2.66,  230.81,  29.90,  43.60,  619.23,  -4.42,  261.05,  875.92,  23.38,  291.66,  37.87
  12:00 27 Jun 2015,  72440,  6.11,  1.49,  1.01,  148.79,  8.30,  38.80,  4.07,  -0.06,  762.22,  909.20,  0.34,  289.59,  25.47
  00:00 28 Jun 2015,  72440,  3.96,  2.37,  1.93,  151.01,  19.10,  41.40,  21.49,  -9.25,  313.13,  800.55,  2.15,  283.81,  23.61
  12:00 28 Jun 2015,  72440,  6.05,  1.82,  1.41,  113.81,  13.50,  39.20,  0.00,  0.00,  0.00,  285.78,  22.91
  00:00 29 Jun 2015,  72440,  -0.65,  -1.30,  -1.96,  259.81,  34.30,  46.80,  1040.03,  -75.02,  210.54,  731.09,  11.21,  287.02,  36.77
  12:00 29 Jun 2015,  72440,  0.44,  -1.89,  -2.43,  190.99,  11.30,  46.60,  922.02,  -69.67,  244.44,  787.38,  52.74,  289.11,  25.77
  00:00 30 Jun 2015,  72440,  -0.88,  -2.48,  -2.92,  183.22,  3.50,  48.80,  631.23,  -84.95,  246.08,  616.67,  58.95,  285.82,  25.60
  12:00 30 Jun 2015,  72440,  0.35,  0.14,  -0.48,  209.99,  22.50,  46.00,  283.06,  -57.69,  290.73,  778.62,  8.01,  285.87,  29.32
 
  12:00 01 Jul 2015,  72440,  -5.79,  -1.32,  -1.43,  537.47,  34.30,  52.60,  95.35,  -195.78,  433.65,  690.30,  0.57,  291.08,  49.80
  18:00 01 Jul 2015,  72440,  -3.09,  -2.09,  -2.27,  256.61,  34.80,  50.10,  628.35,  -164.77,  234.31,  736.70,  6.22,  291.59,  46.20
  00:00 02 Jul 2015,  72440,  -4.15,  -7.91,  -8.70,  345.20,  27.10,  52.00,  3393.42,  -20.62,  154.18,  842.64,  34.45,  294.08,  40.96
  12:00 02 Jul 2015,  72440,  -3.65,  -1.15,  -1.84,  297.00,  31.40,  48.90,  339.79,  -161.05,  246.20,  644.57,  4.52,  291.92,  40.58
  00:00 03 Jul 2015,  72440,  -4.66,  -5.45,  -5.86,  316.79,  35.30,  51.00,  2080.91,  -1.11,  170.62,  874.62,  32.22,  293.90,  47.00
  12:00 03 Jul 2015,  72440,  -0.70,  -2.80,  -3.44,  243.00,  33.00,  45.40,  1428.58,  0.00,  204.26,  924.49,  40.49,  293.27,  42.43
  00:00 04 Jul 2015,  72440,  0.56,  -2.02,  -2.76,  202.40,  30.90,  44.60,  909.12,  -5.66,  214.34,  854.88,  53.17,  290.17,  35.16
  12:00 04 Jul 2015,  72440,  0.29,  1.58,  1.06,  180.58,  24.60,  45.10,  101.12,  -265.40,  259.53,  464.61,  14.97,  287.40,  29.13
  00:00 05 Jul 2015,  72440,  -0.91,  -2.49,  -3.30,  189.19,  15.80,  46.70,  1506.94,  -5.54,  200.94,  839.82,  834.75,  289.00,  28.82
  12:00 05 Jul 2015,  72440,  -1.51,  -4.01,  -4.88,  196.18,  13.60,  47.90,  2120.37,  -18.87,  203.07,  850.11,  311.53,  293.64,  28.37
  00:00 06 Jul 2015,  72440,  0.60,  0.66,  0.61,  152.19,  29.10,  47.00,  98.96,  -286.50,  519.32,  636.47,  96.71,  282.96,  35.19
  12:00 06 Jul 2015,  72440,  -2.73,  -4.39,  -5.03,  230.21,  31.70,  49.00,  1358.93,  -42.83,  166.28,  816.49,  157.43,  293.66,  41.89
  00:00 07 Jul 2015,  72440,  -1.19,  -3.95,  -5.00,  256.21,  38.00,  45.50,  1906.47,  -11.46,  157.83,  848.65,  148.39,  293.53,  48.86
  12:00 07 Jul 2015,  72440,  -1.60,  -2.45,  -2.63,  264.42,  39.50,  45.00,  944.91,  -2.77,  157.67,  881.90,  96.49,  294.21,  58.80
  00:00 08 Jul 2015,  72440,  -1.21,  2.46,  2.61,  239.61,  37.20,  44.60,  0.00,  0.00,  930.03,  943.01,  0.00,  291.42,  54.48
  12:00 08 Jul 2015,  72440,  -0.48,  -0.59,  -0.68,  303.20,  34.90,  43.90,  265.21,  -31.43,  440.01,  817.05,  5.56,  293.02,  54.87
  00:00 09 Jul 2015,  72440,  -0.61,  -1.08,  -1.21,  344.15,  36.90,  43.80,  271.72,  0.00,  334.37,  926.81,  21.26,  293.17,  55.17
  12:00 09 Jul 2015,  72440,  -1.50,  0.08,  -0.10,  288.59,  38.00,  46.20,  89.26,  0.00,  387.30,  932.15,  2.08,  291.83,  47.66
  00:00 10 Jul 2015,  72440,  -0.02,  -0.68,  -0.77,  352.01,  36.60,  45.20,  175.50,  -86.93,  467.08,  749.10,  3.15,  290.95,  49.47
  12:00 10 Jul 2015,  72440,  -2.98,  -1.77,  -2.06,  290.61,  36.40,  48.70,  380.76,  -72.75,  319.03,  786.18,  9.63,  291.85,  46.74
  00:00 11 Jul 2015,  72440,  8.56,  -2.77,  -3.33,  138.84,  7.10,  34.20,  797.21,  -47.03,  203.90,  760.09,  29.53,  288.83,  25.60
  12:00 11 Jul 2015,  72440,  7.85,  -2.51,  -3.23,  179.30,  8.10,  35.40,  1031.97,  -64.15,  194.32,  783.33,  139.93,  291.93,  31.29
  00:00 12 Jul 2015,  72440,  -3.19,  -4.66,  -5.15,  258.00,  15.50,  48.60,  2083.72,  -5.38,  157.91,  844.70,  74.63,  291.86,  44.31
  12:00 12 Jul 2015,  72440,  3.10,  -1.34,  -2.01,  188.21,  30.30,  41.40,  837.23,  -115.10,  178.60,  720.12,  64.66,  291.72,  43.42
  00:00 13 Jul 2015,  72440,  0.20,  -3.56,  -4.68,  236.81,  31.10,  44.40,  2332.90,  -53.55,  149.68,  728.07,  67.16,  291.73,  40.40
  12:00 13 Jul 2015,  72440,  -2.66,  -1.06,  -1.95,  256.82,  31.70,  47.60,  1160.45,  -269.33,  171.95,  664.86,  29.13,  291.79,  38.60
  00:00 14 Jul 2015,  72440,  -0.47,  -6.44,  -7.78,  320.52,  26.70,  47.60,  3820.30,  -96.14,  128.77,  721.43,  142.59,  292.93,  38.15
  12:00 14 Jul 2015,  72440,  -3.47,  -4.97,  -5.65,  304.20,  34.10,  51.00,  2342.46,  -161.22,  151.19,  700.40,  186.72,  292.79,  48.03
  00:00 15 Jul 2015,  72440,  4.02,  -0.83,  -1.41,  104.19,  35.70,  41.80,  257.23,  -342.60,  247.16,  665.13,  6.60,  287.77,  39.31
  12:00 15 Jul 2015,  72440,  -6.30,  -7.19,  -8.38,  350.21,  34.40,  52.90,  3374.47,  -31.54,  131.94,  841.75,  1156.31,  294.83,  45.92
  00:00 16 Jul 2015,  72440,  -4.12,  -1.15,  -1.91,  276.80,  40.20,  49.40,  440.02,  -192.50,  224.84,  677.09,  10.23,  288.55,  44.66
  12:00 16 Jul 2015,  72440,  -5.30,  -2.31,  -3.15,  446.95,  39.80,  50.70,  537.24,  -177.34,  221.03,  712.64,  349.36,  291.49,  38.73
  00:00 17 Jul 2015,  72440,  -2.23,  -3.26,  -4.02,  386.36,  18.10,  47.00,  1570.63,  -43.60,  168.60,  674.67,  42.23,  290.61,  38.45
  12:00 17 Jul 2015,  72440,  -0.02,  -2.62,  -3.23,  184.71,  27.50,  46.00,  1233.57,  -203.11,  181.66,  675.62,  232.07,  291.95,  48.07
  00:00 18 Jul 2015,  72440,  -1.78,  -5.95,  -6.59,  368.69,  32.50,  48.60,  2648.89,  -50.28,  137.75,  742.07,  101.10,  292.04,  44.66
  12:00 18 Jul 2015,  72440,  -2.37,  -5.01,  -5.35,  335.42,  20.30,  50.00,  1054.51,  -181.37,  157.81,  665.26,  106.46,  292.04,  36.73
  00:00 19 Jul 2015,  72440,  -1.16,  -4.53,  -5.73,  387.09,  11.10,  46.40,  2734.96,  -78.18,  140.62,  715.74,  70.37,  292.30,  32.89
  12:00 19 Jul 2015,  72440,  -4.51,  -5.56,  -6.27,  320.99,  19.70,  52.40,  1150.36,  -175.99,  160.26,  680.89,  104.36,  292.59,  30.81
  00:00 20 Jul 2015,  72440,  -4.20,  -7.49,  -8.66,  417.35,  36.90,  49.20,  4962.37,  -0.79,  114.81,  870.99,  155.53,  295.98,  53.13
  12:00 20 Jul 2015,  72440,  0.90,  -3.34,  -4.09,  204.60,  30.30,  45.00,  912.91,  -139.45,  213.00,  721.08,  280.94,  291.95,  44.03
  00:00 21 Jul 2015,  72440,  -3.02,  -1.68,  -2.46,  286.61,  39.40,  45.90,  1012.42,  -68.35,  178.66,  782.43,  24.81,  292.64,  57.44
  12:00 21 Jul 2015,  72440,  1.63,  0.42,  -0.36,  196.01,  30.90,  40.80,  297.49,  -50.69,  304.48,  763.75,  17.05,  291.77,  40.65
  00:00 22 Jul 2015,  72440,  -1.11,  -2.83,  -3.48,  222.20,  35.50,  44.60,  756.99,  -2.15,  188.37,  893.71,  70.42,  293.18,  51.07
  12:00 22 Jul 2015,  72440,  -0.88,  -0.27,  -0.54,  247.05,  37.00,  44.20,  180.12,  -32.95,  390.90,  812.98,  11.35,  292.84,  52.09
  00:00 23 Jul 2015,  72440,  -0.51,  -2.62,  -3.42,  243.20,  37.60,  44.10,  1181.62,  -20.18,  163.38,  843.23,  37.95,  293.89,  51.72
  12:00 23 Jul 2015,  72440,  -3.66,  -4.57,  6.77,  -11.45,  829.12,  294.91,  33.02
  00:00 24 Jul 2015,  72440,  -3.69,  -4.82,  -6.06,  260.79,  34.20,  47.70,  2491.91,  -2.89,  147.15,  856.16,  82.37,  293.54,  44.82
  12:00 24 Jul 2015,  72440,  -6.49,  -4.48,  -5.59,  366.81,  32.30,  51.80,  1777.89,  -59.55,  157.70,  760.27,  43.21,  293.97,  41.98
  00:00 25 Jul 2015,  72440,  -2.23,  -6.71,  -7.95,  228.59,  34.90,  49.20,  3360.67,  -28.92,  129.33,  790.20,  107.67,  293.16,  47.31
  12:00 25 Jul 2015,  72440,  1.60,  -2.04,  -3.22,  179.40,  36.20,  42.80,  2042.11,  -156.22,  139.16,  747.09,  139.14,  293.66,  45.20
  00:00 26 Jul 2015,  72440,  1.15,  -5.49,  -6.55,  175.61,  30.10,  44.60,  3119.34,  -43.67,  132.06,  774.40,  152.66,  293.14,  43.17
  12:00 26 Jul 2015,  72440,  -4.31,  -4.60,  -5.07,  290.00,  32.00,  50.70,  1604.81,  -88.34,  149.41,  768.23,  288.15,  292.53,  46.86
  00:00 27 Jul 2015,  72440,  0.00
  12:00 27 Jul 2015,  72440,  -1.74,  -3.41,  -4.62,  227.99,  33.30,  46.00,  2213.62,  -68.71,  137.99,  771.71,  421.69,  293.92,  41.47
  00:00 28 Jul 2015,  72440,  -2.78,  -3.32,  -4.50,  268.59,  30.60,  45.90,  2740.96,  -8.75,  120.26,  816.98,  244.44,  292.65,  46.74
  12:00 28 Jul 2015,  72440,  -2.50,  -1.81,  -2.70,  257.39,  33.20,  46.90,  1042.12,  -140.68,  172.00,  721.93,  67.40,  291.57,  44.33
  00:00 29 Jul 2015,  72440,  0.37,  -1.41,  -2.54,  248.59,  22.30,  42.00,  1809.82,  -42.93,  157.27,  731.96,  264.94,  291.28,  38.89
  12:00 29 Jul 2015,  72440,  0.65,  -1.30,  -2.11,  217.01,  25.30,  44.60,  241.68,  -126.41,  248.39,  701.04,  28.66,  288.92,  38.49
  00:00 30 Jul 2015,  72440,  -2.23,  -1.91,  -2.79,  35.00,  46.10,  911.22,  -42.25,  191.33,  785.17,  292.01,  46.11
  12:00 30 Jul 2015,  72440,  8.32,  3.93,  4.03,  44.98,  26.30,  34.60,  0.00,  0.00,  0.00,  285.60,  38.40
  00:00 31 Jul 2015,  72440,  9.56,  3.11,  2.95,  34.01,  23.90,  32.20,  0.00,  0.00,  0.00,  282.97,  31.59
  12:00 31 Jul 2015,  72440,  10.26,  3.02,  2.44,  21.99,  10.50,  31.00,  0.00,  0.00,  0.00,  285.50,  25.57
 
  12:00 01 Aug 2015,  72440,  8.47,  2.59,  2.09,  38.99,  12.10,  34.60,  0.00,  0.00,  0.00,  282.96,  20.62
  00:00 02 Aug 2015,  72440,  -0.47,  -0.36,  -1.06,  184.01,  27.90,  46.80,  117.76,  -19.23,  351.66,  738.40,  26.43,  284.46,  30.90
  12:00 02 Aug 2015,  72440,  4.09,  -1.83,  -2.53,  266.21,  22.30,  40.80,  829.30,  -59.23,  199.11,  792.85,  125.39,  289.98,  35.47
  00:00 03 Aug 2015,  72440,  -0.66,  -0.68,  -1.37,  217.39,  30.30,  46.20,  490.24,  -16.05,  248.30,  739.93,  78.77,  286.14,  34.36
  12:00 03 Aug 2015,  72440,  1.78,  -1.40,  -2.15,  172.80,  20.30,  44.80,  302.15,  -128.81,  306.96,  685.94,  49.60,  287.42,  28.35
  00:00 04 Aug 2015,  72440,  -2.13,  -3.21,  -4.00,  203.80,  25.90,  49.00,  985.22,  -6.58,  196.49,  776.75,  199.21,  287.61,  33.51
  12:00 04 Aug 2015,  72440,  0.53,  -0.71,  -1.37,  176.80,  22.90,  46.00,  215.34,  -136.37,  344.54,  647.61,  115.16,  286.62,  33.74
  00:00 05 Aug 2015,  72440,  0.42,  -3.89,  -4.19,  209.01,  34.20,  45.00,  1785.72,  -15.71,  185.47,  841.90,  60.30,  291.68,  46.06
  12:00 05 Aug 2015,  72440,  -2.30,  -0.94,  -1.30,  367.69,  40.60,  47.70,  462.40,  -120.93,  253.99,  723.70,  4.21,  291.58,  51.40
  00:00 06 Aug 2015,  72440,  1.08,  -1.36,  -2.09,  226.99,  24.90,  42.80,  626.50,  -3.87,  264.21,  856.73,  7.08,  290.76,  37.68
  12:00 06 Aug 2015,  72440,  4.39,  3.19,  2.44,  210.19,  25.40,  36.10,  69.73,  0.00,  231.27,  939.08,  1.58,  292.61,  38.04
  00:00 07 Aug 2015,  72440,  6.05,  -1.57,  -2.36,  150.21,  11.70,  37.20,  1190.27,  -219.30,  169.00,  613.23,  18.01,  290.65,  33.82
  12:00 07 Aug 2015,  72440,  -4.23,  -0.91,  -1.63,  468.95,  37.80,  50.90,  437.30,  -373.21,  219.51,  633.92,  4.37,  290.36,  45.36
  00:00 08 Aug 2015,  72440,  -5.68,  -7.62,  -8.84,  324.00,  22.90,  51.80,  4197.16,  -0.64,  138.48,  855.42,  58.15,  294.46,  41.26
  12:00 08 Aug 2015,  72440,  9.84,  -7.07,  -8.21,  35.00,  4.90,  29.60,  3227.38,  -114.86,  151.50,  735.12,  107.73,  296.25,  33.05
  00:00 09 Aug 2015,  72440,  -3.72,  -5.22,  -6.36,  430.56,  29.30,  50.80,  2318.96,  -162.71,  151.69,  696.71,  42.07,  293.20,  38.82
  12:00 09 Aug 2015,  72440,  0.24,  -2.94,  -3.96,  239.78,  23.50,  45.20,  1264.26,  -176.82,  180.54,  708.74,  90.95,  292.90,  31.67
  21:00 09 Aug 2015,  72440,  0.89,  -5.14,  -6.43,  217.59,  32.90,  45.20,  2957.99,  -31.43,  128.95,  783.93,  114.65,  291.77,  38.74
  00:00 10 Aug 2015,  72440,  -6.52,  -6.91,  -7.55,  372.40,  40.20,  53.30,  3551.25,  -12.27,  122.73,  810.24,  147.07,  292.76,  54.16
  12:00 10 Aug 2015,  72440,  -0.89,  -1.24,  -1.36,  255.61,  40.00,  46.20,  297.22,  -179.45,  363.21,  711.11,  7.30,  291.38,  54.13
  00:00 11 Aug 2015,  72440,  -1.70,  -4.23,  -5.22,  270.80,  29.90,  45.20,  2274.77,  -0.34,  159.03,  870.88,  216.30,  293.77,  43.99
  12:00 11 Aug 2015,  72440,  2.60,  1.05,  0.22,  234.00,  13.90,  38.80,  90.92,  -10.66,  368.79,  870.68,  2.26,  292.80,  32.36
  00:00 12 Aug 2015,  72440,  5.93,  4.83,  4.30,  177.01,  0.90,  35.80,  0.00,  0.00,  0.00,  285.16,  22.82
  12:00 12 Aug 2015,  72440,  6.77,  5.16,  4.88,  150.01,  -6.80,  35.50,  0.34,  -36.51,  809.68,  824.18,  0.02,  285.72,  21.20
  00:00 13 Aug 2015,  72440,  5.31,  4.33,  3.78,  167.00,  -0.30,  37.00,  0.61,  -3.70,  785.40,  803.54,  0.12,  284.66,  21.71
  12:00 13 Aug 2015,  72440,  8.02,  6.15,  5.65,  144.18,  4.30,  32.80,  0.02,  -39.23,  804.19,  810.86,  0.00,  286.04,  22.11
  00:00 14 Aug 2015,  72440,  5.91,  5.52,  4.97,  165.80,  3.50,  35.40,  0.00,  0.00,  0.00,  284.22,  24.98
  12:00 14 Aug 2015,  72440,  4.98,  2.73,  2.82,  146.41,  8.70,  39.00,  0.00,  0.00,  0.00,  286.38,  26.98
  00:00 15 Aug 2015,  72440,  1.40,  1.19,  0.83,  194.02,  20.20,  43.50,  46.33,  -163.72,  379.33,  613.59,  10.65,  285.07,  30.63
  12:00 15 Aug 2015,  72440,  6.83,  0.51,  -0.13,  109.58,  17.90,  37.20,  122.92,  -179.62,  314.78,  669.13,  7.12,  289.27,  27.60
  00:00 16 Aug 2015,  72440,  3.27,  2.69,  2.10,  169.78,  22.70,  40.60,  0.00,  0.00,  0.00,  283.92,  24.50
  12:00 16 Aug 2015,  72440,  1.66,  -1.96,  -2.69,  176.39,  25.30,  43.20,  914.05,  -27.49,  217.01,  819.52,  30.05,  291.81,  29.85
  00:00 17 Aug 2015,  72440,  -0.39,  -0.58,  -1.35,  209.80,  24.90,  45.40,  418.64,  -22.00,  282.43,  724.76,  154.48,  287.01,  28.10
  12:00 17 Aug 2015,  72440,  0.25,  -1.31,  -2.12,  196.79,  21.30,  45.00,  584.21,  -76.08,  282.90,  798.83,  15.19,  290.65,  32.74
  00:00 18 Aug 2015,  72440,  -1.44,  -0.03,  -0.65,  207.80,  36.90,  46.60,  171.74,  -124.65,  399.50,  725.85,  8.01,  289.34,  41.63
  12:00 18 Aug 2015,  72440,  2.63,  -0.92,  -1.69,  240.15,  29.50,  42.60,  571.29,  -121.82,  255.49,  759.74,  0.54,  290.42,  33.33
  00:00 19 Aug 2015,  72440,  5.04,  -3.11,  -4.08,  261.32,  32.10,  39.80,  1637.98,  -72.24,  180.03,  753.88,  28.31,  290.92,  40.43
  12:00 19 Aug 2015,  72440,  2.12,  5.08,  5.28,  208.80,  32.30,  42.20,  0.00,  0.00,  0.00,  287.40,  43.94
  00:00 20 Aug 2015,  72440,  7.69,  4.50,  4.44,  127.38,  18.70,  38.00,  0.00,  0.00,  0.00,  282.95,  21.61
  12:00 20 Aug 2015,  72440,  13.60,  13.65,  13.44,  110.41,  -2.50,  25.60,  0.00,  0.00,  0.00,  278.32,  15.04
  00:00 21 Aug 2015,  72440,  5.53,  4.92,  4.68,  150.61,  6.50,  38.40,  0.00,  0.00,  0.00,  282.04,  21.49
  12:00 21 Aug 2015,  72440,  14.51,  6.95,  6.68,  54.00,  -27.70,  22.40,  0.00,  0.00,  0.00,  282.71,  17.16
  00:00 22 Aug 2015,  72440,  -0.71,  1.05,  0.46,  216.19,  34.60,  46.30,  195.22,  -198.70,  269.62,  592.16,  3.46,  288.79,  38.74
  12:00 22 Aug 2015,  72440,  -3.99,  -3.41,  -3.96,  364.31,  37.90,  52.70,  753.28,  -114.39,  225.89,  698.10,  94.70,  291.62,  42.66
  00:00 23 Aug 2015,  72440,  -0.68,  -4.58,  -5.65,  242.02,  26.10,  45.40,  2308.80,  -0.14,  199.02,  887.60,  42.26,  293.29,  36.12
  12:00 23 Aug 2015,  72440,  1.38,  1.97,  2.03,  223.80,  32.00,  43.60,  13.83,  -227.43,  612.43,  664.90,  0.47,  288.43,  44.39
  00:00 24 Aug 2015,  72440,  2.76,  5.09,  4.64,  217.42,  29.10,  41.80,  0.00,  0.00,  0.00,  284.85,  30.40
  12:00 24 Aug 2015,  72440,  19.29,  12.71,  12.56,  58.99,  -7.50,  2.00,  0.00,  0.00,  0.00,  279.66,  22.10
  00:00 25 Aug 2015,  72440,  14.81,  10.12,  9.85,  67.99,  -31.90,  23.40,  0.00,  0.00,  0.00,  278.14,  13.86
  12:00 25 Aug 2015,  72440,  7.19,  7.49,  7.31,  131.02,  -1.90,  37.20,  0.00,  0.00,  0.00,  279.60,  17.28
  00:00 26 Aug 2015,  72440,  7.63,  3.19,  2.81,  115.58,  -2.10,  36.20,  0.00,  0.00,  0.00,  283.38,  21.09
  12:00 26 Aug 2015,  72440,  3.06,  3.44,  3.18,  151.22,  12.50,  43.80,  0.00,  0.00,  0.00,  283.61,  26.20
  00:00 27 Aug 2015,  72440,  1.09,  -1.74,  -2.26,  148.00,  18.90,  46.80,  367.65,  -311.77,  265.89,  596.65,  8.54,  285.55,  23.75
  12:00 27 Aug 2015,  72440,  11.72,  6.73,  6.44,  61.99,  2.50,  27.00,  0.00,  0.00,  0.00,  281.68,  20.63
  00:00 28 Aug 2015,  72440,  8.77,  -0.47,  -0.78,  35.00,  -0.10,  33.20,  127.69,  -438.81,  335.17,  557.09,  3.55,  288.57,  25.94
  12:00 28 Aug 2015,  72440,  -0.02,  1.38,  1.37,  137.00,  14.90,  48.80,  0.00,  0.00,  0.00,  285.83,  30.44
  00:00 29 Aug 2015,  72440,  2.44,  -0.20,  -0.35,  157.22,  30.30,  43.40,  64.99,  -215.89,  489.67,  634.70,  1.16,  288.75,  40.22
  12:00 29 Aug 2015,  72440,  -1.76,  2.80,  2.64,  259.59,  39.60,  47.30,  0.00,  0.00,  0.00,  286.38,  45.78
  00:00 30 Aug 2015,  72440,  -2.76,  -3.95,  -4.82,  226.58,  38.10,  48.30,  2340.31,  -4.19,  191.15,  846.66,  88.91,  292.07,  40.56
  12:00 30 Aug 2015,  72440,  -2.84,  -1.79,  -2.55,  231.79,  40.50,  48.90,  1336.98,  -87.62,  183.14,  782.15,  124.35,  291.51,  43.18
  00:00 31 Aug 2015,  72440,  -1.46,  -4.10,  -5.12,  224.01,  35.20,  46.50,  2850.93,  -0.55,  175.24,  865.01,  421.37,  291.91,  42.19
  12:00 31 Aug 2015,  72440,  -3.46,  -3.32,  -3.93,  273.79,  39.00,  51.10,  1454.71,  -98.45,  204.13,  785.18,  207.41,  290.26,  40.44
 
  12:00 01 Sep 2015,  72440,  -1.18,  -1.82,  -2.56,  192.01,  35.10,  48.20,  847.63,  -118.51,  236.25,  750.90,  58.90,  289.07,  33.93
  00:00 02 Sep 2015,  72440,  -0.91,  -2.46,  -3.20,  201.78,  33.80,  46.90,  1097.09,  -4.51,  198.43,  806.74,  533.50,  288.17,  36.07
  12:00 02 Sep 2015,  72440,  -0.34,  -1.29,  -1.98,  195.00,  26.80,  46.10,  291.76,  -85.24,  242.95,  797.91,  17.03,  290.31,  34.03
  00:00 03 Sep 2015,  72440,  -0.14,  -1.82,  -2.74,  223.41,  23.10,  44.20,  1241.54,  -0.58,  180.33,  822.91,  169.19,  289.76,  33.28
  12:00 03 Sep 2015,  72440,  -0.28,  -0.30,  -0.87,  201.99,  24.00,  45.10,  232.64,  -151.79,  247.72,  636.18,  12.20,  289.58,  34.41
  00:00 04 Sep 2015,  72440,  -2.60,  -2.93,  -3.60,  221.61,  14.90,  48.60,  1001.84,  -37.29,  195.79,  667.54,  176.38,  288.75,  37.02
  12:00 04 Sep 2015,  72440,  -0.38,  -0.43,  -0.99,  204.41,  25.50,  45.60,  277.16,  -176.98,  241.08,  648.10,  25.44,  290.10,  36.15
  00:00 05 Sep 2015,  72440,  -1.02,  -2.69,  -3.51,  205.19,  34.40,  46.10,  1485.53,  -9.80,  173.93,  803.05,  394.35,  289.74,  42.21
  12:00 05 Sep 2015,  72440,  0.19,  0.90,  0.17,  232.80,  36.90,  42.90,  466.18,  -101.33,  227.58,  764.12,  23.74,  290.11,  43.21
  00:00 06 Sep 2015,  72440,  1.98,  -2.17,  -3.09,  190.79,  34.00,  41.60,  1740.85,  -20.33,  163.51,  815.58,  405.44,  291.54,  44.02
  12:00 06 Sep 2015,  72440,  1.18,  0.31,  -0.39,  227.01,  33.30,  41.80,  541.84,  -88.42,  213.02,  769.40,  20.75,  291.27,  43.70
  00:00 07 Sep 2015,  72440,  -1.02,  -1.79,  -2.37,  237.39,  35.00,  44.70,  1186.40,  -25.76,  170.81,  777.71,  74.44,  290.30,  43.31
  12:00 07 Sep 2015,  72440,  -1.01,  -2.02,  -2.57,  220.19,  36.20,  46.60,  402.94,  -120.99,  233.67,  745.24,  11.02,  291.12,  42.87
  00:00 08 Sep 2015,  72440,  -1.27,  -3.22,  -3.59,  214.21,  35.70,  47.20,  1020.41,  -108.06,  162.70,  752.97,  44.08,  291.91,  45.08
  12:00 08 Sep 2015,  72440,  -1.65,  -1.74,  -2.17,  226.42,  39.10,  47.40,  413.65,  -152.42,  211.76,  732.66,  17.56,  290.81,  50.27
  00:00 09 Sep 2015,  72440,  0.99,  0.91,  0.90,  211.79,  35.90,  43.10,  31.23,  -174.93,  551.49,  687.51,  1.20,  290.28,  49.84
  12:00 09 Sep 2015,  72440,  0.60,  0.63,  0.10,  205.80,  32.40,  42.90,  324.10,  -32.96,  346.01,  792.78,  187.92,  291.79,  42.40
  00:00 10 Sep 2015,  72440,  0.80,  -3.25,  -4.15,  183.38,  20.40,  44.50,  1912.75,  -2.91,  190.21,  855.16,  584.72,  291.35,  31.13
  12:00 10 Sep 2015,  72440,  -2.41,  -4.66,  -5.38,  220.59,  22.80,  49.50,  1727.65,  -8.31,  207.00,  877.38,  103.22,  291.93,  34.39
  00:00 11 Sep 2015,  72440,  -1.25,  -1.06,  -1.60,  196.78,  30.70,  49.60,  341.56,  -155.46,  262.80,  666.62,  16.01,  284.96,  32.33
  12:00 11 Sep 2015,  72440,  2.53,  1.19,  0.80,  163.80,  27.10,  44.40,  11.63,  0.00,  518.21,  919.36,  1.02,  289.25,  32.98
  00:00 12 Sep 2015,  72440,  6.03,  5.35,  5.12,  149.40,  16.10,  40.00,  1.31,  -2.25,  709.00,  812.05,  0.06,  279.68,  15.20
  12:00 12 Sep 2015,  72440,  10.23,  11.02,  10.94,  127.80,  -5.10,  34.60,  0.00,  0.00,  0.00,  277.91,  12.31
  00:00 13 Sep 2015,  72440,  9.98,  10.06,  9.89,  117.21,  14.00,  33.90,  0.00,  0.00,  0.00,  276.32,  15.60
  12:00 13 Sep 2015,  72440,  16.15,  12.97,  13.06,  46.00,  -5.30,  20.00,  0.00,  0.00,  0.00,  277.27,  16.94
  00:00 14 Sep 2015,  72440,  6.04,  5.75,  5.53,  104.82,  28.00,  39.00,  0.00,  0.00,  0.00,  281.84,  27.67
  12:00 14 Sep 2015,  72440,  3.99,  7.77,  7.52,  132.18,  29.60,  42.60,  0.00,  0.00,  0.00,  279.73,  25.82
  00:00 15 Sep 2015,  72440,  3.37,  0.91,  0.91,  111.01,  24.50,  44.00,  0.00,  0.00,  0.00,  283.35,  31.32
  12:00 15 Sep 2015,  72440,  1.63,  7.28,  7.14,  118.59,  31.20,  46.60,  0.00,  0.00,  0.00,  278.61,  28.39
  00:00 16 Sep 2015,  72440,  8.93,  3.93,  3.80,  32.01,  14.30,  33.60,  0.00,  0.00,  0.00,  281.59,  28.14
  12:00 16 Sep 2015,  72440,  -2.29,  4.19,  3.94,  236.82,  33.20,  47.70,  0.00,  0.00,  0.00,  285.19,  36.65
  00:00 17 Sep 2015,  72440,  -1.68,  -3.63,  -4.49,  248.19,  31.90,  46.80,  1512.48,  -6.46,  207.87,  859.86,  39.19,  291.72,  37.38
  12:00 17 Sep 2015,  72440,  -0.48,  -0.26,  -1.00,  383.74,  26.90,  45.00,  384.39,  -142.28,  249.99,  647.15,  9.16,  290.74,  40.58
  00:00 18 Sep 2015,  72440,  4.30,  0.62,  -0.20,  362.70,  22.10,  39.00,  832.83,  -183.30,  211.93,  655.60,  13.54,  288.34,  33.72
  12:00 18 Sep 2015,  72440,  3.34,  -0.84,  -1.31,  166.01,  25.70,  42.40,  452.29,  -340.93,  260.25,  644.13,  13.85,  289.31,  33.99
  00:00 19 Sep 2015,  72440,  -3.32,  -5.54,  -6.06,  302.41,  29.50,  51.60,  1813.42,  -57.06,  182.55,  776.38,  49.71,  290.74,  44.72
  12:00 19 Sep 2015,  72440,  8.68,  8.73,  8.47,  107.40,  11.50,  34.60,  0.00,  0.00,  0.00,  284.84,  23.93
  00:00 20 Sep 2015,  72440,  11.09,  6.74,  6.43,  60.40,  7.30,  31.20,  0.00,  0.00,  0.00,  282.03,  18.25
  12:00 20 Sep 2015,  72440,  14.76,  8.51,  8.68,  32.98,  -4.70,  14.40,  0.00,  0.00,  0.00,  281.85,  22.49
  00:00 21 Sep 2015,  72440,  9.58,  4.08,  3.75,  27.99,  23.30,  33.80,  0.00,  0.00,  0.00,  284.63,  26.09
  12:00 21 Sep 2015,  72440,  -1.58,  3.17,  3.07,  201.21,  22.10,  50.40,  0.00,  0.00,  0.00,  284.90,  28.86
  00:00 22 Sep 2015,  72440,  1.28,  0.54,  0.00,  183.38,  28.40,  43.70,  34.67,  -70.03,  445.03,  699.67,  1.53,  286.74,  30.48
  12:00 22 Sep 2015,  72440,  1.39,  6.02,  5.68,  183.78,  22.30,  43.60,  0.00,  0.00,  0.00,  283.90,  31.46
  00:00 23 Sep 2015,  72440,  0.44,  -0.85,  -1.50,  165.20,  18.40,  44.90,  404.98,  -15.30,  324.76,  808.65,  59.64,  287.95,  31.36
  12:00 23 Sep 2015,  72440,  0.41,  6.87,  7.02,  163.00,  17.00,  45.50,  0.00,  0.00,  0.00,  280.85,  28.21
  00:00 24 Sep 2015,  72440,  6.76,  5.18,  4.94,  101.61,  7.70,  36.80,  0.00,  0.00,  0.00,  281.12,  25.55
  12:00 24 Sep 2015,  72440,  3.57,  5.50,  5.18,  119.59,  27.30,  42.00,  0.00,  0.00,  0.00,  282.32,  25.28
  00:00 25 Sep 2015,  72440,  2.70,  0.89,  0.62,  132.81,  15.10,  43.40,  5.64,  -28.34,  503.81,  751.45,  1.79,  284.53,  28.70
  12:00 25 Sep 2015,  72440,  2.47,  3.02,  3.00,  126.81,  10.90,  44.00,  0.00,  0.00,  0.00,  283.24,  27.56
  00:00 26 Sep 2015,  72440,  3.83,  3.85,  3.62,  124.18,  -1.50,  41.80,  0.00,  0.00,  0.00,  280.60,  20.56
  12:00 26 Sep 2015,  72440,  4.91,  6.77,  6.46,  120.81,  20.90,  40.00,  0.00,  0.00,  0.00,  279.54,  21.57
  00:00 27 Sep 2015,  72440,  4.18,  2.66,  2.24,  146.39,  23.30,  40.00,  10.55,  -2.09,  610.80,  813.96,  49.89,  284.63,  28.83
  12:00 27 Sep 2015,  72440,  4.35,  5.23,  5.06,  165.80,  15.60,  39.30,  0.05,  0.00,  913.08,  928.25,  0.00,  287.95,  26.95
  00:00 28 Sep 2015,  72440,  4.34,  3.29,  2.87,  150.01,  19.70,  39.20,  1.07,  -15.34,  813.80,  835.88,  0.15,  286.54,  26.37
  12:00 28 Sep 2015,  72440,  3.30,  2.90,  2.50,  149.80,  23.30,  40.80,  0.00,  0.00,  0.00,  287.56,  26.34
  00:00 29 Sep 2015,  72440,  3.22,  0.40,  -0.06,  135.21,  10.70,  42.20,  39.38,  -5.81,  384.34,  810.30,  17.28,  285.73,  25.58
  12:00 29 Sep 2015,  72440,  3.01,  -0.14,  -0.75,  141.99,  -1.30,  42.40,  240.55,  -33.99,  267.36,  818.50,  25.23,  290.17,  23.12
  00:00 30 Sep 2015,  72440,  -0.14,  -1.01,  -1.42,  194.59,  35.70,  46.40,  480.01,  -6.24,  241.54,  824.34,  48.41,  286.82,  37.33
  12:00 30 Sep 2015,  72440,  1.58,  5.34,  4.99,  187.39,  26.10,  43.80,  0.00,  0.00,  922.96,  0.00,  287.19,  27.24
 
  12:00 01 Oct 2015,  72440,  15.95,  12.14,  12.04,  99.01,  -25.30,  2.00,  0.00,  0.00,  0.00,  276.64,  11.25
  00:00 02 Oct 2015,  72440,  13.07,  9.72,  9.56,  65.26,  -12.50,  29.20,  0.00,  0.00,  0.00,  275.44,  10.79
  12:00 02 Oct 2015,  72440,  18.97,  17.37,  17.27,  82.01,  -46.30,  -4.40,  0.00,  0.00,  0.00,  276.89,  7.77
  00:00 03 Oct 2015,  72440,  8.59,  11.07,  11.00,  141.80,  -2.50,  35.20,  0.00,  0.00,  0.00,  278.94,  13.86
  12:00 03 Oct 2015,  72440,  11.85,  20.20,  20.28,  108.20,  -7.50,  29.80,  0.00,  0.00,  0.00,  274.99,  12.10
  00:00 04 Oct 2015,  72440,  14.29,  14.19,  14.07,  117.79,  -6.50,  25.20,  0.00,  0.00,  0.00,  278.76,  16.66
  12:00 04 Oct 2015,  72440,  9.49,  20.96,  20.94,  138.02,  14.70,  31.40,  0.00,  0.00,  0.00,  278.22,  21.73
  00:00 05 Oct 2015,  72440,  5.03,  15.23,  15.34,  158.41,  14.80,  37.30,  0.00,  0.00,  923.22,  927.57,  0.00,  282.36,  27.99
  12:00 05 Oct 2015,  72440,  3.67,  14.66,  14.55,  160.20,  29.00,  39.50,  0.00,  0.00,  925.68,  938.84,  0.00,  283.11,  32.97
  00:00 06 Oct 2015,  72440,  1.68,  5.01,  5.02,  144.18,  30.90,  44.30,  0.00,  0.00,  0.00,  285.85,  35.80
  12:00 06 Oct 2015,  72440,  2.85,  7.46,  7.48,  169.00,  3.40,  41.70,  0.00,  0.00,  0.00,  286.01,  33.80
  00:00 07 Oct 2015,  72440,  11.75,  5.13,  4.78,  25.00,  18.10,  29.40,  0.00,  0.00,  0.00,  286.83,  27.82
  12:00 07 Oct 2015,  72440,  4.08,  4.11,  3.76,  148.41,  31.60,  40.70,  0.91,  -100.50,  702.80,  721.88,  0.04,  287.47,  29.89
  00:00 08 Oct 2015,  72440,  2.42,  2.19,  1.90,  182.79,  29.40,  41.80,  64.43,  -13.47,  693.72,  836.87,  4.59,  286.47,  30.48
  12:00 08 Oct 2015,  72440,  4.05,  2.30,  2.09,  158.99,  15.10,  41.20,  0.00,  0.00,  0.00,  287.25,  31.48
  00:00 09 Oct 2015,  72440,  -0.16,  -0.62,  -0.98,  172.59,  30.20,  47.70,  107.41,  -58.26,  343.38,  691.25,  5.53,  284.30,  31.47
  12:00 09 Oct 2015,  72440,  2.34,  3.92,  3.82,  178.01,  32.80,  45.10,  0.00,  0.00,  0.00,  284.67,  34.32
  00:00 10 Oct 2015,  72440,  6.22,  6.23,  6.08,  59.01,  9.30,  41.60,  3.74,  -0.38,  860.68,  901.30,  0.21,  281.36,  15.29
  12:00 10 Oct 2015,  72440,  13.34,  12.92,  12.78,  35.99,  -17.10,  26.60,  0.00,  0.00,  0.00,  279.99,  10.86
  00:00 11 Oct 2015,  72440,  18.23,  13.68,  13.44,  17.99,  -29.70,  16.60,  0.00,  0.00,  0.00,  276.85,  10.47
  12:00 11 Oct 2015,  72440,  5.92,  13.57,  13.29,  197.81,  13.80,  35.10,  0.00,  0.00,  0.00,  279.72,  25.02
  00:00 12 Oct 2015,  72440,  2.81,  3.28,  2.73,  220.62,  18.50,  40.40,  0.00,  0.00,  0.00,  284.94,  25.77
  12:00 12 Oct 2015,  72440,  -0.03,  3.08,  2.72,  227.18,  37.70,  47.00,  0.00,  0.00,  0.00,  285.24,  32.93
  00:00 13 Oct 2015,  72440,  11.01,  10.07,  9.98,  117.00,  -28.10,  31.00,  0.00,  0.00,  0.00,  269.04,  8.11
  12:00 13 Oct 2015,  72440,  16.33,  15.03,  14.90,  125.00,  -43.30,  16.20,  0.00,  0.00,  0.00,  269.70,  5.75
  00:00 14 Oct 2015,  72440,  13.20,  12.51,  12.31,  94.02,  5.90,  27.40,  0.00,  0.00,  0.00,  271.37,  13.62
  12:00 14 Oct 2015,  72440,  10.12,  13.23,  13.08,  105.98,  11.30,  32.00,  0.00,  0.00,  0.00,  272.00,  15.93
  00:00 15 Oct 2015,  72440,  9.19,  8.96,  8.82,  51.01,  11.10,  34.00,  0.00,  0.00,  0.00,  271.79,  16.72
  12:00 15 Oct 2015,  72440,  4.56,  8.97,  8.94,  96.21,  27.10,  42.60,  0.00,  0.00,  0.00,  273.32,  19.67
  00:00 16 Oct 2015,  72440,  6.27,  7.43,  7.66,  119.81,  27.50,  39.60,  0.00,  0.00,  0.00,  278.04,  30.63
  12:00 16 Oct 2015,  72440,  15.83,  17.82,  17.84,  90.00,  -13.90,  24.40,  0.00,  0.00,  0.00,  268.22,  9.86
  00:00 17 Oct 2015,  72440,  18.30,  18.35,  18.28,  59.98,  -30.70,  20.40,  0.00,  0.00,  0.00,  265.11,  5.80
  12:00 17 Oct 2015,  72440,  20.19,  22.20,  22.30,  56.00,  -7.50,  8.00,  0.00,  0.00,  0.00,  267.85,  14.74
  00:00 18 Oct 2015,  72440,  14.58,  17.23,  17.32,  45.01,  12.90,  26.00,  0.00,  0.00,  0.00,  266.20,  14.82
  12:00 18 Oct 2015,  72440,  13.72,  19.99,  20.08,  50.00,  14.20,  27.80,  0.00,  0.00,  0.00,  266.91,  15.57
  00:00 19 Oct 2015,  72440,  3.80,  13.97,  13.95,  124.41,  29.00,  43.40,  0.00,  0.00,  0.00,  269.75,  18.48
  12:00 19 Oct 2015,  72440,  1.22,  14.93,  15.05,  204.90,  20.70,  47.20,  0.00,  0.00,  0.00,  268.83,  20.80
  00:00 20 Oct 2015,  72440,  9.68,  9.45,  9.31,  68.00,  9.90,  33.80,  0.00,  0.00,  0.00,  272.66,  18.40
  12:00 20 Oct 2015,  72440,  6.33,  12.81,  12.95,  134.77,  25.10,  39.80,  0.00,  0.00,  0.00,  270.50,  22.53
  00:00 21 Oct 2015,  72440,  5.33,  5.46,  5.30,  245.77,  22.70,  41.40,  0.00,  0.00,  0.00,  274.40,  22.72
  12:00 21 Oct 2015,  72440,  3.87,  2.89,  2.87,  95.80,  23.10,  44.40,  0.00,  0.00,  0.00,  282.40,  26.22
  00:00 22 Oct 2015,  72440,  1.04,  -1.11,  -1.54,  165.20,  25.60,  46.30,  297.27,  -12.17,  272.47,  815.64,  27.71,  285.78,  29.83
  12:00 22 Oct 2015,  72440,  2.13,  3.37,  3.02,  152.38,  20.20,  44.50,  0.00,  0.00,  0.00,  284.43,  27.00
  00:00 23 Oct 2015,  72440,  5.00,  4.48,  4.10,  191.82,  17.90,  38.40,  4.83,  -3.77,  786.43,  821.33,  0.16,  283.76,  28.92
  12:00 23 Oct 2015,  72440,  -0.88,  4.89,  4.92,  376.22,  36.20,  46.60,  0.00,  0.00,  0.00,  287.03,  40.32
  00:00 24 Oct 2015,  72440,  1.75,  0.60,  0.02,  329.83,  28.30,  42.60,  171.57,  -1.25,  340.06,  885.09,  3.29,  288.96,  27.13
  12:00 24 Oct 2015,  72440,  2.42,  7.31,  7.06,  232.21,  23.20,  43.10,  0.00,  0.00,  0.00,  284.23,  24.66
  00:00 25 Oct 2015,  72440,  12.31,  10.96,  10.79,  66.01,  -3.30,  30.00,  0.00,  0.00,  0.00,  280.60,  13.76
  12:00 25 Oct 2015,  72440,  18.20,  15.87,  15.80,  37.00,  -48.50,  0.80,  0.00,  0.00,  0.00,  276.44,  7.01
  00:00 26 Oct 2015,  72440,  18.53,  13.94,  13.89,  48.99,  -39.50,  5.40,  0.00,  0.00,  0.00,  271.95,  8.55
  12:00 26 Oct 2015,  72440,  20.10,  18.31,  18.29,  50.00,  -34.90,  4.20,  0.00,  0.00,  0.00,  276.38,  8.16
  00:00 27 Oct 2015,  72440,  7.35,  8.33,  8.13,  145.39,  22.40,  36.20,  0.00,  0.00,  0.00,  281.27,  26.45
  12:00 27 Oct 2015,  72440,  1.61,  6.38,  6.29,  176.19,  33.60,  44.90,  0.00,  0.00,  927.61,  939.24,  0.00,  285.37,  35.59
  00:00 28 Oct 2015,  72440,  2.07,  1.91,  1.63,  168.61,  32.50,  45.40,  1.14,  0.00,  847.86,  908.34,  0.07,  286.68,  32.96
  12:00 28 Oct 2015,  72440,  4.29,  0.94,  0.71,  123.18,  21.10,  46.00,  0.84,  0.00,  598.44,  930.19,  0.06,  284.26,  18.49
  00:00 29 Oct 2015,  72440,  11.25,  10.78,  10.67,  123.41,  -7.70,  33.20,  0.00,  0.00,  0.00,  275.02,  11.10
  12:00 29 Oct 2015,  72440,  15.61,  23.33,  23.29,  113.01,  9.60,  25.80,  0.00,  0.00,  0.00,  267.31,  12.57
  00:00 30 Oct 2015,  72440,  18.20,  17.31,  17.35,  59.98,  -50.50,  12.00,  0.00,  0.00,  0.00,  267.56,  6.57
  12:00 30 Oct 2015,  72440,  8.23,  18.90,  19.12,  80.22,  12.10,  38.00,  0.00,  0.00,  0.00,  266.80,  14.61
  00:00 31 Oct 2015,  72440,  12.35,  16.10,  16.45,  270.15,  19.40,  30.00,  0.00,  0.00,  0.00,  274.59,  28.08
  12:00 31 Oct 2015,  72440,  -0.34,  8.47,  8.64,  377.70,  31.10,  47.80,  0.00,  0.00,  926.90,  931.72,  0.00,  283.51,  35.44
 
  12:00 01 Nov 2015,  72440,  10.65,  11.67,  11.53,  20.01,  -4.30,  32.20,  0.00,  0.00,  0.00,  274.57,  9.66
  00:00 02 Nov 2015,  72440,  13.53,  8.69,  8.48,  19.99,  -15.50,  25.20,  0.00,  0.00,  0.00,  274.88,  9.94
  12:00 02 Nov 2015,  72440,  13.28,  8.07,  7.85,  23.00,  -10.10,  22.00,  0.00,  0.00,  0.00,  282.29,  10.48
  00:00 03 Nov 2015,  72440,  16.03,  7.68,  7.38,  15.99,  -13.90,  15.60,  0.00,  0.00,  0.00,  283.67,  10.22
  12:00 03 Nov 2015,  72440,  13.25,  9.62,  9.36,  54.99,  -6.30,  26.00,  0.00,  0.00,  0.00,  283.75,  12.89
  00:00 04 Nov 2015,  72440,  8.25,  5.32,  4.96,  79.22,  -15.50,  35.80,  0.00,  0.00,  0.00,  284.87,  13.53
  12:00 04 Nov 2015,  72440,  5.48,  8.96,  8.68,  150.99,  4.50,  39.00,  0.00,  0.00,  0.00,  285.57,  19.14
  00:00 05 Nov 2015,  72440,  11.00,  6.83,  6.46,  170.14,  -1.90,  30.80,  0.00,  0.00,  0.00,  284.68,  15.06
  12:00 05 Nov 2015,  72440,  -0.69,  5.72,  5.66,  276.39,  30.40,  46.70,  0.00,  0.00,  0.00,  285.57,  35.55
  18:00 05 Nov 2015,  72440,  2.00,  3.04,  2.56,  294.09,  21.70,  43.20,  1.52,  -171.80,  566.12,  580.67,  0.01,  288.70,  32.45
  00:00 06 Nov 2015,  72440,  -3.70,  -1.68,  -2.07,  376.99,  40.80,  51.90,  259.65,  -96.64,  406.68,  729.78,  2.09,  290.03,  40.77
  12:00 06 Nov 2015,  72440,  13.35,  18.71,  18.62,  108.02,  -10.50,  28.00,  0.00,  0.00,  0.00,  276.26,  9.40
  00:00 07 Nov 2015,  72440,  16.31,  14.15,  14.21,  83.00,  -29.90,  21.60,  0.00,  0.00,  0.00,  270.57,  9.02
  12:00 07 Nov 2015,  72440,  15.08,  15.62,  15.61,  102.02,  6.30,  27.20,  0.00,  0.00,  0.00,  271.48,  11.76
  00:00 08 Nov 2015,  72440,  15.54,  15.50,  15.40,  64.01,  -34.50,  27.20,  0.00,  0.00,  0.00,  270.24,  7.16
  12:00 08 Nov 2015,  72440,  19.52,  19.05,  18.99,  26.01,  -41.50,  19.00,  0.00,  0.00,  0.00,  265.65,  4.19
  00:00 09 Nov 2015,  72440,  14.51,  14.88,  14.84,  24.01,  -32.90,  29.60,  0.00,  0.00,  0.00,  266.16,  5.82
  12:00 09 Nov 2015,  72440,  16.05,  14.38,  14.32,  44.00,  -26.10,  16.00,  0.00,  0.00,  0.00,  268.31,  6.39
  00:00 10 Nov 2015,  72440,  17.37,  17.91,  17.80,  63.99,  4.80,  20.00,  0.00,  0.00,  0.00,  268.46,  10.30
  12:00 10 Nov 2015,  72440,  13.02,  19.16,  19.09,  56.00,  -30.10,  28.60,  0.00,  0.00,  0.00,  268.37,  9.91
  00:00 11 Nov 2015,  72440,  9.21,  8.42,  8.16,  260.38,  -2.90,  34.20,  0.00,  0.00,  0.00,  279.32,  15.81
  12:00 11 Nov 2015,  72440,  -2.05,  2.47,  2.12,  391.16,  33.50,  50.50,  0.00,  0.00,  0.00,  286.08,  25.60
  18:00 11 Nov 2015,  72440,  -3.11,  -2.30,  -2.58,  460.69,  21.06,  52.82,  150.21,  -139.70,  415.33,  596.63,  0.79,  287.18,  29.65
  00:00 12 Nov 2015,  72440,  12.37,  11.24,  11.07,  222.01,  -1.10,  27.80,  0.00,  0.00,  0.00,  264.25,  7.62
  12:00 12 Nov 2015,  72440,  13.54,  17.96,  17.90,  167.02,  -19.10,  30.60,  0.00,  0.00,  0.00,  273.10,  7.08
  00:00 13 Nov 2015,  72440,  15.74,  14.56,  14.48,  116.01,  -16.50,  25.00,  0.00,  0.00,  0.00,  265.91,  6.38
  12:00 13 Nov 2015,  72440,  17.98,  18.99,  18.95,  123.00,  -11.10,  19.00,  0.00,  0.00,  0.00,  263.93,  7.12
  00:00 14 Nov 2015,  72440,  13.82,  13.89,  13.82,  74.98,  -6.10,  27.80,  0.00,  0.00,  0.00,  265.10,  8.26
  12:00 14 Nov 2015,  72440,  14.26,  14.84,  14.79,  51.91,  -25.90,  27.20,  0.00,  0.00,  0.00,  266.93,  7.15
  00:00 15 Nov 2015,  72440,  13.54,  13.36,  13.25,  50.99,  -16.70,  28.60,  0.00,  0.00,  0.00,  265.25,  8.25
  12:00 15 Nov 2015,  72440,  15.42,  15.95,  15.93,  160.50,  -3.90,  21.00,  0.00,  0.00,  0.00,  267.26,  12.66
  00:00 16 Nov 2015,  72440,  1.58,  13.82,  13.74,  321.45,  32.20,  46.90,  0.00,  0.00,  0.00,  271.94,  23.44
  12:00 16 Nov 2015,  72440,  1.19,  16.67,  17.05,  343.96,  32.40,  45.00,  0.00,  0.00,  0.00,  277.24,  35.08
  00:00 17 Nov 2015,  72440,  0.70,  5.90,  6.10,  314.35,  31.80,  46.60,  0.00,  0.00,  0.00,  285.37,  36.61
  12:00 17 Nov 2015,  72440,  -1.88,  -0.35,  -0.58,  427.82,  36.90,  48.80,  82.22,  -136.51,  413.44,  605.86,  0.46,  289.51,  42.08
  00:00 18 Nov 2015,  72440,  12.44,  4.12,  4.21,  133.02,  11.30,  26.20,  0.00,  0.00,  0.00,  286.08,  26.57
  12:00 18 Nov 2015,  72440,  13.32,  12.94,  12.95,  206.89,  -10.80,  33.10,  0.00,  0.00,  0.00,  272.76,  10.64
  00:00 19 Nov 2015,  72440,  12.53,  12.59,  12.55,  125.00,  1.10,  31.80,  0.00,  0.00,  0.00,  271.25,  10.10
  12:00 19 Nov 2015,  72440,  11.77,  13.79,  13.74,  110.98,  5.30,  34.00,  0.00,  0.00,  0.00,  273.60,  10.20
  00:00 20 Nov 2015,  72440,  18.05,  18.68,  18.74,  83.99,  -3.30,  18.40,  0.00,  0.00,  0.00,  257.72,  8.64
  12:00 20 Nov 2015,  72440,  15.26,  20.21,  20.42,  250.75,  3.30,  24.80,  0.00,  0.00,  0.00,  259.53,  11.38
  00:00 21 Nov 2015,  72440,  3.98,  14.32,  14.44,  317.01,  27.60,  45.40,  0.00,  0.00,  0.00,  266.56,  17.02
  12:00 21 Nov 2015,  72440,  10.16,  13.60,  13.74,  148.99,  18.70,  39.30,  0.60,  0.00,  888.04,  931.60,  0.01,  274.80,  16.83
  00:00 22 Nov 2015,  72440,  20.92,  20.56,  20.55,  119.00,  -21.50,  21.40,  0.00,  0.00,  0.00,  262.66,  4.50
  12:00 22 Nov 2015,  72440,  19.02,  18.80,  18.84,  98.00,  -23.90,  13.60,  0.00,  0.00,  0.00,  261.40,  4.87
  00:00 23 Nov 2015,  72440,  18.51,  18.66,  18.66,  108.99,  0.50,  23.00,  0.00,  0.00,  0.00,  265.83,  6.47
  12:00 23 Nov 2015,  72440,  12.55,  16.50,  16.52,  107.98,  -24.30,  31.20,  0.00,  0.00,  0.00,  267.85,  8.49
  00:00 24 Nov 2015,  72440,  10.82,  12.10,  12.13,  56.00,  6.50,  33.40,  0.00,  0.00,  0.00,  264.09,  10.23
  12:00 24 Nov 2015,  72440,  11.97,  14.84,  14.79,  188.74,  -4.90,  28.40,  0.00,  0.00,  0.00,  261.07,  6.75
  00:00 25 Nov 2015,  72440,  13.65,  14.91,  14.87,  230.39,  -2.70,  24.00,  0.00,  0.00,  0.00,  263.73,  8.33
  12:00 25 Nov 2015,  72440,  8.86,  17.67,  17.66,  301.86,  12.60,  35.30,  0.00,  0.00,  0.00,  274.20,  18.55
  00:00 26 Nov 2015,  72440,  3.09,  7.66,  7.41,  352.50,  6.80,  43.10,  0.00,  0.00,  0.00,  282.47,  21.78
  12:00 26 Nov 2015,  72440,  1.21,  2.07,  2.01,  297.95,  15.60,  47.50,  0.00,  0.00,  0.00,  285.89,  26.91
  00:00 27 Nov 2015,  72440,  2.53,  4.65,  4.77,  338.43,  32.50,  43.40,  3.21,  -55.40,  755.74,  776.32,  0.04,  285.86,  35.13
  12:00 27 Nov 2015,  72440,  4.53,  19.96,  20.42,  188.39,  30.30,  40.00,  0.00,  0.00,  937.17,  944.83,  0.00,  278.16,  37.51
  00:00 28 Nov 2015,  72440,  3.64,  26.07,  26.56,  185.18,  31.00,  41.40,  0.00,  0.00,  938.77,  946.79,  0.00,  273.84,  34.33
  12:00 28 Nov 2015,  72440,  3.30,  25.37,  25.81,  174.19,  27.80,  42.50,  0.00,  0.00,  0.00,  273.52,  31.71
  00:00 29 Nov 2015,  72440,  3.46,  24.00,  24.39,  127.78,  27.50,  43.10,  0.00,  0.00,  929.33,  945.16,  0.00,  274.09,  30.04
  12:00 29 Nov 2015,  72440,  4.36,  21.59,  21.95,  147.39,  27.10,  42.10,  0.00,  0.00,  938.44,  947.40,  0.00,  275.88,  29.24
  00:00 30 Nov 2015,  72440,  3.39,  19.69,  19.64,  299.09,  30.90,  43.40,  0.00,  0.00,  934.46,  944.80,  0.00,  276.48,  28.61
  12:00 30 Nov 2015,  72440,  4.73,  13.26,  13.13,  169.40,  28.80,  41.80,  0.00,  0.00,  0.00,  280.34,  25.21
 
  12:00 01 Dec 2015,  72440,  17.60,  20.23,  20.24,  144.99,  -17.10,  20.40,  0.00,  0.00,  0.00,  270.13,  6.21
  00:00 02 Dec 2015,  72440,  14.92,  13.47,  13.45,  147.01,  -13.30,  28.60,  0.00,  0.00,  0.00,  269.66,  6.30
  12:00 02 Dec 2015,  72440,  15.90,  18.20,  18.23,  136.01,  -14.90,  29.60,  0.00,  0.00,  0.00,  267.13,  7.02
  00:00 03 Dec 2015,  72440,  15.66,  15.44,  15.41,  88.00,  0.30,  30.80,  1.19,  -2.86,  841.52,  882.34,  0.02,  271.92,  10.43
  12:00 03 Dec 2015,  72440,  10.78,  17.29,  17.26,  46.99,  -12.10,  36.60,  0.00,  0.00,  0.00,  269.63,  6.49
  00:00 04 Dec 2015,  72440,  11.51,  11.31,  11.25,  9.98,  -16.10,  29.80,  0.00,  0.00,  0.00,  271.15,  6.36
  12:00 04 Dec 2015,  72440,  9.95,  12.27,  12.22,  35.00,  -14.10,  31.80,  0.00,  0.00,  0.00,  270.97,  5.51
  00:00 05 Dec 2015,  72440,  12.84,  13.02,  13.00,  197.47,  -21.90,  22.20,  0.00,  0.00,  0.00,  269.82,  5.23
  12:00 05 Dec 2015,  72440,  16.11,  21.46,  21.53,  208.76,  -25.10,  10.80,  0.00,  0.00,  0.00,  263.54,  5.85
  00:00 06 Dec 2015,  72440,  16.99,  16.96,  16.99,  180.49,  -50.70,  6.00,  0.00,  0.00,  0.00,  270.12,  6.40
  12:00 06 Dec 2015,  72440,  6.63,  13.52,  13.45,  133.39,  10.50,  43.40,  0.00,  0.00,  0.00,  271.33,  13.75
  00:00 07 Dec 2015,  72440,  9.26,  8.48,  8.37,  98.99,  -12.50,  37.60,  0.00,  0.00,  0.00,  276.90,  10.09
  12:00 07 Dec 2015,  72440,  16.14,  16.53,  16.47,  41.98,  -40.30,  18.80,  0.00,  0.00,  0.00,  270.04,  4.26
  00:00 08 Dec 2015,  72440,  11.96,  12.58,  12.50,  76.01,  -14.70,  32.00,  0.00,  0.00,  0.00,  268.07,  6.40
  12:00 08 Dec 2015,  72440,  12.45,  14.01,  14.00,  185.34,  -4.70,  28.60,  0.00,  0.00,  0.00,  272.12,  9.84
  00:00 09 Dec 2015,  72440,  6.63,  7.02,  7.03,  188.14,  0.50,  41.60,  0.00,  0.00,  0.00,  273.48,  14.03
  12:00 09 Dec 2015,  72440,  10.48,  13.57,  13.53,  112.38,  -15.30,  35.00,  0.00,  0.00,  0.00,  272.69,  10.71
  00:00 10 Dec 2015,  72440,  10.76,  9.94,  9.98,  79.00,  7.90,  33.00,  0.00,  0.00,  0.00,  273.67,  14.46
  12:00 10 Dec 2015,  72440,  10.10,  12.39,  12.45,  230.26,  5.90,  33.40,  0.00,  0.00,  0.00,  269.99,  11.84
  00:00 11 Dec 2015,  72440,  12.50,  8.99,  8.83,  83.00,  -27.10,  29.00,  0.00,  0.00,  0.00,  276.39,  9.42
  12:00 11 Dec 2015,  72440,  12.32,  7.81,  7.76,  225.29,  -9.50,  24.60,  0.00,  0.00,  0.00,  281.01,  10.97
  00:00 12 Dec 2015,  72440,  9.68,  7.37,  7.18,  218.83,  -5.90,  32.20,  0.00,  0.00,  0.00,  277.95,  11.23
  12:00 12 Dec 2015,  72440,  4.10,  0.54,  0.10,  151.58,  13.90,  43.20,  31.09,  -237.15,  331.92,  602.68,  1.52,  287.89,  19.10
  00:00 13 Dec 2015,  72440,  -2.19,  -3.29,  -3.52,  305.81,  8.80,  52.50,  326.05,  -13.40,  416.82,  851.34,  5.64,  286.73,  26.48
  12:00 13 Dec 2015,  72440,  3.31,  5.77,  5.99,  413.91,  30.80,  41.30,  0.00,  0.00,  0.00,  285.74,  37.82
  00:00 14 Dec 2015,  72440,  10.84,  11.11,  11.48,  206.59,  22.70,  31.20,  0.00,  0.00,  0.00,  282.28,  32.61
  12:00 14 Dec 2015,  72440,  11.48,  11.02,  11.07,  242.49,  13.80,  37.20,  4.17,  -0.27,  823.04,  881.26,  0.05,  274.51,  12.48
  00:00 15 Dec 2015,  72440,  7.44,  15.14,  15.10,  103.01,  -8.50,  39.40,  0.00,  0.00,  0.00,  275.98,  12.44
  12:00 15 Dec 2015,  72440,  9.88,  11.48,  11.38,  87.02,  -4.10,  35.80,  0.00,  0.00,  0.00,  274.27,  8.62
  00:00 16 Dec 2015,  72440,  4.03,  6.66,  6.49,  275.56,  6.90,  44.00,  0.00,  0.00,  0.00,  277.46,  16.43
  12:00 16 Dec 2015,  72440,  15.66,  13.63,  13.56,  181.00,  -6.70,  22.60,  0.00,  0.00,  0.00,  269.92,  8.76
  00:00 17 Dec 2015,  72440,  18.88,  19.17,  19.14,  129.02,  -16.90,  23.80,  0.00,  0.00,  0.00,  265.58,  5.24
  12:00 17 Dec 2015,  72440,  12.24,  15.33,  15.31,  88.01,  -0.70,  34.80,  0.00,  0.00,  0.00,  266.47,  5.84
  00:00 18 Dec 2015,  72440,  7.20,  8.59,  8.61,  86.01,  7.30,  46.60,  0.00,  0.00,  0.00,  268.13,  7.50
  12:00 18 Dec 2015,  72440,  18.48,  19.70,  19.69,  135.00,  -18.30,  23.80,  0.00,  0.00,  0.00,  262.77,  3.74
  00:00 19 Dec 2015,  72440,  22.55,  23.68,  23.76,  150.99,  -18.10,  10.60,  0.00,  0.00,  0.00,  263.07,  6.69
  12:00 19 Dec 2015,  72440,  15.58,  21.04,  21.15,  90.99,  -2.30,  26.40,  0.00,  0.00,  0.00,  267.95,  10.69
  00:00 20 Dec 2015,  72440,  15.24,  17.54,  17.47,  219.37,  -6.90,  22.80,  0.00,  0.00,  0.00,  267.08,  8.56
  12:00 20 Dec 2015,  72440,  11.60,  19.58,  19.56,  128.01,  -1.30,  31.20,  0.00,  0.00,  0.00,  266.61,  8.29
  00:00 21 Dec 2015,  72440,  3.05,  6.82,  6.97,  295.70,  26.00,  46.40,  0.00,  0.00,  0.00,  279.98,  24.34
  12:00 21 Dec 2015,  72440,  8.16,  2.85,  2.61,  273.11,  -1.30,  38.80,  52.76,  -3.59,  569.16,  872.36,  0.31,  283.38,  13.36
  00:00 22 Dec 2015,  72440,  5.73,  10.29,  10.20,  119.62,  16.80,  44.50,  0.00,  0.00,  918.74,  927.83,  0.00,  277.75,  13.63
  12:00 22 Dec 2015,  72440,  11.83,  17.07,  17.08,  63.00,  -13.50,  32.20,  0.00,  0.00,  0.00,  273.01,  8.11
  00:00 23 Dec 2015,  72440,  9.54,  9.30,  9.33,  176.72,  5.70,  35.40,  0.00,  0.00,  0.00,  274.22,  11.37
  12:00 23 Dec 2015,  72440,  4.00,  3.90,  3.96,  196.39,  24.10,  44.80,  6.74,  -248.86,  645.56,  685.12,  0.04,  280.67,  21.91
  18:00 23 Dec 2015,  72440,  -1.82,  -4.50,  -4.81,  368.80,  20.10,  55.00,  763.90,  -1.90,  354.12,  866.78,  3.67,  285.12,  18.51
  00:00 24 Dec 2015,  72440,  3.50,  2.90,  2.82,  166.81,  5.90,  49.20,  0.01,  -9.14,  812.65,  820.25,  0.00,  278.09,  12.69
  12:00 24 Dec 2015,  72440,  9.30,  12.23,  12.39,  223.41,  5.30,  36.40,  0.00,  0.00,  0.00,  270.19,  11.72
  00:00 25 Dec 2015,  72440,  11.38,  12.03,  12.12,  118.01,  4.50,  33.60,  0.00,  0.00,  0.00,  273.88,  14.95
  12:00 25 Dec 2015,  72440,  13.63,  20.96,  20.95,  81.00,  5.30,  28.00,  0.00,  0.00,  0.00,  269.15,  10.49
  00:00 26 Dec 2015,  72440,  11.16,  18.26,  18.19,  258.12,  9.50,  32.20,  0.00,  0.00,  0.00,  263.40,  13.47
  12:00 26 Dec 2015,  72440,  -3.15,  9.21,  9.06,  373.22,  39.40,  52.60,  0.00,  0.00,  0.00,  282.62,  31.79
  00:00 27 Dec 2015,  72440,  2.24,  1.91,  0.00,  0.00,  286.92,  37.52
  12:00 27 Dec 2015,  72440,  7.97,  23.84,  24.23,  172.19,  24.90,  36.90,  0.00,  0.00,  0.00,  273.72,  27.88
  00:00 28 Dec 2015,  72440,  7.55,  26.09,  26.55,  203.82,  26.10,  36.80,  0.00,  0.00,  928.76,  0.00,  272.63,  27.71
  12:00 28 Dec 2015,  72440,  5.22,  23.01,  23.35,  212.82,  26.10,  40.60,  0.00,  0.00,  0.00,  273.36,  27.30
  00:00 29 Dec 2015,  72440,  26.08,  27.56,  27.63,  94.00,  -3.80,  10.90,  0.03,  0.00,  896.86,  909.02,  0.00,  270.32,  15.97
  12:00 29 Dec 2015,  72440,  21.71,  30.41,  30.42,  113.00,  -15.00,  17.90,  0.00,  0.00,  0.00,  266.48,  7.43
  00:00 30 Dec 2015,  72440,  18.67,  26.79,  27.00,  96.00,  -25.70,  9.80,  0.00,  0.00,  0.00,  267.01,  9.82
  12:00 30 Dec 2015,  72440,  23.12,  26.06,  26.05,  129.99,  -8.40,  13.00,  0.00,  0.00,  934.80,  946.00,  0.00,  269.06,  9.40
  00:00 31 Dec 2015,  72440,  18.25,  23.69,  23.71,  119.02,  -16.00,  25.10,  0.42,  0.00,  886.62,  915.09,  0.00,  267.86,  7.08
  12:00 31 Dec 2015,  72440,  23.58,  26.94,  26.91,  136.01,  -20.50,  16.00,  0.00,  0.00,  0.00,  267.86,  6.50
